sensor_name,sensor_kind,t_monotonic,t_wall,raw_value,value,units,status,message,filtered_value,sequence,source
chamber_pressure,pressure,643940.2596872,1778010033.5576863,2191239,201.52009445668395,psi,OK,,,,simulated
injector_pressure,pressure,643940.2600848,1778010033.5578215,2865290,301.9615324689784,psi,OK,,,,simulated
thrust,thrust,643940.2601136,1778010033.5578494,127,7.569790788863884,N,OK,,,,simulated
tank_temp,temperature,643940.2601434,1778010033.5578792,180697,20.009916387229154,°C,OK,,,,simulated
chamber_pressure,pressure,643940.2808384,1778010033.578576,2171267,198.5440341882746,psi,OK,,,,simulated
injector_pressure,pressure,643940.2810479,1778010033.5787835,2867797,302.33510462464153,psi,OK,,,,simulated
thrust,thrust,643940.2810733,1778010033.578809,247,14.722349014562042,N,OK,,,,simulated
tank_temp,temperature,643940.2811027,1778010033.5788386,180775,20.130673863766916,°C,OK,,,,simulated
chamber_pressure,pressure,643940.3041172,1778010033.6018546,2182405,200.20372571989608,psi,OK,,,,simulated
injector_pressure,pressure,643940.3042702,1778010033.602006,2854853,300.4062980897782,psi,OK,,,,simulated
thrust,thrust,643940.3042993,1778010033.6020353,527,31.411651541191077,N,OK,,,,simulated
tank_temp,temperature,643940.3047273,1778010033.6024644,180638,19.91857419343777,°C,OK,,,,simulated
chamber_pressure,pressure,643940.3246301,1778010033.622368,2196427,202.29316679157816,psi,OK,,,,simulated
injector_pressure,pressure,643940.3247922,1778010033.6225278,2847354,299.28885987864254,psi,OK,,,,simulated
thrust,thrust,643940.3248331,1778010033.6225696,731,43.571000524877945,N,OK,,,,simulated
tank_temp,temperature,643940.3248788,1778010033.6226146,180766,20.11674030878179,°C,OK,,,,simulated
chamber_pressure,pressure,643940.3448794,1778010033.6426177,2185865,200.71930595866516,psi,OK,,,,simulated
injector_pressure,pressure,643940.3450677,1778010033.6428034,2844910,298.92467545565074,psi,OK,,,,simulated
thrust,thrust,643940.3450978,1778010033.6428337,961,57.28007045746608,N,OK,,,,simulated
tank_temp,temperature,643940.3451245,1778010033.64286,180688,19.995982832244028,°C,OK,,,,simulated
chamber_pressure,pressure,643940.3652711,1778010033.6630077,2198782,202.64408917952647,psi,OK,,,,simulated
injector_pressure,pressure,643940.3653867,1778010033.6631222,2857074,300.7372529193464,psi,OK,,,,simulated
thrust,thrust,643940.3654226,1778010033.663159,1089,64.90946589821078,N,OK,,,,simulated
tank_temp,temperature,643940.3654744,1778010033.6632109,180692,20.002175523348527,°C,OK,,,,simulated
chamber_pressure,pressure,643940.3856189,1778010033.6833553,2204705,203.5266850622517,psi,OK,,,,simulated
injector_pressure,pressure,643940.3857309,1778010033.6834664,2847325,299.2845385413812,psi,OK,,,,simulated
thrust,thrust,643940.3857844,1778010033.6835208,1321,78.73774513456056,N,OK,,,,simulated
tank_temp,temperature,643940.3858207,1778010033.6835563,180834,20.2220160575583,°C,OK,,,,simulated
chamber_pressure,pressure,643940.4062381,1778010033.703976,2197958,202.521303596652,psi,OK,,,,simulated
injector_pressure,pressure,643940.4064092,1778010033.7041454,2844019,298.79190609358625,psi,OK,,,,simulated
thrust,thrust,643940.4064522,1778010033.7041879,1507,89.8242103843927,N,OK,,,,simulated
tank_temp,temperature,643940.4064809,1778010033.7042167,180725,20.053265224960658,°C,OK,,,,simulated
chamber_pressure,pressure,643940.4265801,1778010033.724318,2196508,202.30523673358402,psi,OK,,,,simulated
injector_pressure,pressure,643940.4267444,1778010033.72448,2861342,301.37323455491475,psi,OK,,,,simulated
thrust,thrust,643940.4267953,1778010033.7245317,1685,100.4338384191783,N,OK,,,,simulated
tank_temp,temperature,643940.4268284,1778010033.724564,180716,20.03933166997553,°C,OK,,,,simulated
chamber_pressure,pressure,643940.4471396,1778010033.7448785,2215015,205.06299496447983,psi,OK,,,,simulated
injector_pressure,pressure,643940.4474292,1778010033.7451658,2861545,301.4034839157443,psi,OK,,,,simulated
thrust,thrust,643940.4474985,1778010033.745235,1875,111.75872227653372,N,OK,,,,simulated
tank_temp,temperature,643940.4475657,1778010033.745302,180769,20.121384827110163,°C,OK,,,,simulated
chamber_pressure,pressure,643940.468515,1778010033.7662535,2226551,206.78199312472262,psi,OK,,,,simulated
injector_pressure,pressure,643940.4687617,1778010033.7664974,2866595,302.1559926457396,psi,OK,,,,simulated
thrust,thrust,643940.4687958,1778010033.7665312,2067,123.20281543765077,N,OK,,,,simulated
tank_temp,temperature,643940.4688622,1778010033.7665987,180798,20.16628183761779,°C,OK,,,,simulated
chamber_pressure,pressure,643940.490683,1778010033.7884216,2213631,204.8567628689722,psi,OK,,,,simulated
injector_pressure,pressure,643940.4908887,1778010033.788625,2852818,300.1030594233345,psi,OK,,,,simulated
thrust,thrust,643940.490934,1778010033.7886696,2253,134.28928068748291,N,OK,,,,simulated
tank_temp,temperature,643940.4909643,1778010033.7887,180727,20.05636157051291,°C,OK,,,,simulated
chamber_pressure,pressure,643940.5109271,1778010033.8086646,2220038,205.8114803804732,psi,OK,,,,simulated
injector_pressure,pressure,643940.5111872,1778010033.808924,2862914,301.60748083680636,psi,OK,,,,simulated
thrust,thrust,643940.5112525,1778010033.8089886,2385,142.1570947357509,N,OK,,,,simulated
tank_temp,temperature,643940.5112876,1778010033.8090234,180770,20.122932999886288,°C,OK,,,,simulated
chamber_pressure,pressure,643940.5324,1778010033.8301387,2243384,209.29030588749714,psi,OK,,,,simulated
injector_pressure,pressure,643940.5326157,1778010033.8303516,2863103,301.6356440348201,psi,OK,,,,simulated
thrust,thrust,643940.5326404,1778010033.830376,2581,153.8396065043912,N,OK,,,,simulated
tank_temp,temperature,643940.5326694,1778010033.8304052,180673,19.97276024060215,°C,OK,,,,simulated
chamber_pressure,pressure,643940.5528192,1778010033.850557,2224414,206.46355527204935,psi,OK,,,,simulated
injector_pressure,pressure,643940.5529971,1778010033.8507328,2849442,299.5999961614604,psi,OK,,,,simulated
thrust,thrust,643940.5530395,1778010033.8507757,2681,159.800071692473,N,OK,,,,simulated
tank_temp,temperature,643940.5530853,1778010033.850821,180715,20.037783497199406,°C,OK,,,,simulated
chamber_pressure,pressure,643940.5732487,1778010033.8709848,2228056,207.0062556274242,psi,OK,,,,simulated
injector_pressure,pressure,643940.5733361,1778010033.8710718,2870858,302.79122922315946,psi,OK,,,,simulated
thrust,thrust,643940.5733608,1778010033.871097,2713,161.7074205526592,N,OK,,,,simulated
tank_temp,temperature,643940.5734175,1778010033.871153,180714,20.03623532442328,°C,OK,,,,simulated
chamber_pressure,pressure,643940.5937094,1778010033.8914454,2260594,211.8547960346694,psi,OK,,,,simulated
injector_pressure,pressure,643940.5937816,1778010033.8915172,2869514,302.5909575928399,psi,OK,,,,simulated
thrust,thrust,643940.5938023,1778010033.891538,2971,177.08542073791023,N,OK,,,,simulated
tank_temp,temperature,643940.5938241,1778010033.8915596,180659,19.9510858217364,°C,OK,,,,simulated
chamber_pressure,pressure,643940.6423774,1778010033.9401152,2228350,207.0500650465566,psi,OK,,,,simulated
injector_pressure,pressure,643940.6437238,1778010033.9414613,2892386,305.9991515873851,psi,OK,,,,simulated
thrust,thrust,643940.6437976,1778010033.9415333,3137,186.979792950126,N,OK,,,,simulated
tank_temp,temperature,643940.643828,1778010033.9415638,180656,19.946441303408022,°C,OK,,,,simulated
chamber_pressure,pressure,643940.6661375,1778010033.9638739,2255295,211.06518340887826,psi,OK,,,,simulated
injector_pressure,pressure,643940.6663831,1778010033.9641194,2871305,302.8578374216363,psi,OK,,,,simulated
thrust,thrust,643940.6664276,1778010033.9641633,3201,190.79449067049836,N,OK,,,,simulated
tank_temp,temperature,643940.6664576,1778010033.9641933,180652,19.94024861230352,°C,OK,,,,simulated
chamber_pressure,pressure,643940.6882888,1778010033.9860249,2230331,207.34525708499635,psi,OK,,,,simulated
injector_pressure,pressure,643940.6884072,1778010033.9861436,2868702,302.46996014952185,psi,OK,,,,simulated
thrust,thrust,643940.6884544,1778010033.98619,3291,196.15890933977198,N,OK,,,,simulated
tank_temp,temperature,643940.6885098,1778010033.9862459,180745,20.08422868048316,°C,OK,,,,simulated
chamber_pressure,pressure,643940.708471,1778010034.0062077,2247381,209.88590537141627,psi,OK,,,,simulated
injector_pressure,pressure,643940.7086808,1778010034.0066276,2883390,304.6586429665855,psi,OK,,,,simulated
thrust,thrust,643940.7090441,1778010034.0067809,3327,198.30467680748143,N,OK,,,,simulated
tank_temp,temperature,643940.7091582,1778010034.006895,180753,20.09661406269216,°C,OK,,,,simulated
chamber_pressure,pressure,643940.7313902,1778010034.0291276,2271752,213.5174677988848,psi,OK,,,,simulated
injector_pressure,pressure,643940.7316162,1778010034.0293517,2873908,303.2457146937507,psi,OK,,,,simulated
thrust,thrust,643940.7316424,1778010034.029378,3347,199.4967698450978,N,OK,,,,simulated
tank_temp,temperature,643940.7316736,1778010034.0294092,180747,20.087325026035412,°C,OK,,,,simulated
chamber_pressure,pressure,643940.752207,1778010034.049944,2271786,213.52253419429468,psi,OK,,,,simulated
injector_pressure,pressure,643940.7523633,1778010034.050099,2881891,304.43527453366215,psi,OK,,,,simulated
thrust,thrust,643940.7524227,1778010034.0501592,3327,198.30467680748143,N,OK,,,,simulated
tank_temp,temperature,643940.752458,1778010034.0501935,180776,20.13222203654304,°C,OK,,,,simulated
chamber_pressure,pressure,643940.77272,1778010034.0704565,2253201,210.75315305628217,psi,OK,,,,simulated
injector_pressure,pressure,643940.7728471,1778010034.0705826,2869881,302.6456448609406,psi,OK,,,,simulated
thrust,thrust,643940.772868,1778010034.0706036,3357,200.09281636390597,N,OK,,,,simulated
tank_temp,temperature,643940.7728874,1778010034.070623,180688,19.995982832244028,°C,OK,,,,simulated
chamber_pressure,pressure,643940.792872,1778010034.0906081,2260384,211.82350359243196,psi,OK,,,,simulated
injector_pressure,pressure,643940.7929732,1778010034.09071,2876560,303.6408935357205,psi,OK,,,,simulated
thrust,thrust,643940.7930174,1778010034.090753,3281,195.5628628209638,N,OK,,,,simulated
tank_temp,temperature,643940.7930408,1778010034.0907762,180773,20.127577518214665,°C,OK,,,,simulated
chamber_pressure,pressure,643940.8158196,1778010034.1135566,2268744,213.06924081674106,psi,OK,,,,simulated
injector_pressure,pressure,643940.8162216,1778010034.1139584,2885597,304.98751163333793,psi,OK,,,,simulated
thrust,thrust,643940.8162568,1778010034.1139927,3343,199.25835123757452,N,OK,,,,simulated
tank_temp,temperature,643940.8162879,1778010034.1140237,180797,20.164733664841666,°C,OK,,,,simulated
chamber_pressure,pressure,643940.8364699,1778010034.134208,2257897,211.45291166936298,psi,OK,,,,simulated
injector_pressure,pressure,643940.8366463,1778010034.1343818,2883101,304.6155786056016,psi,OK,,,,simulated
thrust,thrust,643940.8366922,1778010034.1344285,3205,191.03290927802163,N,OK,,,,simulated
tank_temp,temperature,643940.8367377,1778010034.1344733,180833,20.220467884782174,°C,OK,,,,simulated
chamber_pressure,pressure,643940.8568593,1778010034.1545956,2278653,214.54579705545873,psi,OK,,,,simulated
injector_pressure,pressure,643940.8569594,1778010034.1546948,2878184,303.88288842235664,psi,OK,,,,simulated
thrust,thrust,643940.8570067,1778010034.1547432,3179,189.48318832912037,N,OK,,,,simulated
tank_temp,temperature,643940.8570455,1778010034.154781,180733,20.06565060716966,°C,OK,,,,simulated
chamber_pressure,pressure,643940.8772008,1778010034.174939,2297984,217.42634086922897,psi,OK,,,,simulated
injector_pressure,pressure,643940.8773811,1778010034.1751168,2866794,302.1856459600503,psi,OK,,,,simulated
thrust,thrust,643940.8774076,1778010034.1751432,3113,185.54928130498638,N,OK,,,,simulated
tank_temp,temperature,643940.8774367,1778010034.1751726,180766,20.11674030878179,°C,OK,,,,simulated
chamber_pressure,pressure,643940.8979556,1778010034.195692,2264371,212.41761296005402,psi,OK,,,,simulated
injector_pressure,pressure,643940.8982193,1778010034.1959558,2882981,304.5976972100374,psi,OK,,,,simulated
thrust,thrust,643940.8982647,1778010034.1960006,3031,180.6616998507593,N,OK,,,,simulated
tank_temp,temperature,643940.8982943,1778010034.1960301,180665,19.96037485839315,°C,OK,,,,simulated
chamber_pressure,pressure,643940.9231638,1778010034.220902,2260957,211.90888725625123,psi,OK,,,,simulated
injector_pressure,pressure,643940.9233955,1778010034.2211313,2880245,304.1900013911726,psi,OK,,,,simulated
thrust,thrust,643940.9234263,1778010034.2211623,2891,172.3170485874448,N,OK,,,,simulated
tank_temp,temperature,643940.9234602,1778010034.221196,180766,20.11674030878179,°C,OK,,,,simulated
chamber_pressure,pressure,643940.9435263,1778010034.2412643,2286067,215.6505692780697,psi,OK,,,,simulated
injector_pressure,pressure,643940.9438017,1778010034.241539,2887508,305.2722728576985,psi,OK,,,,simulated
thrust,thrust,643940.9440935,1778010034.2418318,2799,166.83342061440953,N,OK,,,,simulated
tank_temp,temperature,643940.9441835,1778010034.24192,180660,19.952633994512524,°C,OK,,,,simulated
chamber_pressure,pressure,643940.9637326,1778010034.2614686,2284144,215.36401991415266,psi,OK,,,,simulated
injector_pressure,pressure,643940.9639726,1778010034.2617087,2883202,304.6306287802015,psi,OK,,,,simulated
thrust,thrust,643940.9640291,1778010034.261765,2539,151.33621112539686,N,OK,,,,simulated
tank_temp,temperature,643940.9640555,1778010034.2617915,180714,20.03623532442328,°C,OK,,,,simulated
chamber_pressure,pressure,643940.9839741,1778010034.2817101,2305621,218.56434268526348,psi,OK,,,,simulated
injector_pressure,pressure,643940.9840799,1778010034.2818155,2892742,306.052199727559,psi,OK,,,,simulated
thrust,thrust,643940.9841195,1778010034.281856,2519,150.1441180877805,N,OK,,,,simulated
tank_temp,temperature,643940.9841672,1778010034.2819028,180880,20.293232005260055,°C,OK,,,,simulated
chamber_pressure,pressure,643941.0046069,1778010034.302344,2287928,215.9278799209452,psi,OK,,,,simulated
injector_pressure,pressure,643941.0048168,1778010034.3025522,2882051,304.4591163944145,psi,OK,,,,simulated
thrust,thrust,643941.0048432,1778010034.302579,2367,141.08421100189616,N,OK,,,,simulated
tank_temp,temperature,643941.0048709,1778010034.3026066,180670,19.968115722273776,°C,OK,,,,simulated
chamber_pressure,pressure,643941.025122,1778010034.3228602,2291033,216.39056103117005,psi,OK,,,,simulated
injector_pressure,pressure,643941.0252799,1778010034.3230155,2885369,304.95353698176586,psi,OK,,,,simulated
thrust,thrust,643941.0253335,1778010034.32307,2201,131.18983878968038,N,OK,,,,simulated
tank_temp,temperature,643941.025372,1778010034.323108,180867,20.273105759170427,°C,OK,,,,simulated
chamber_pressure,pressure,643941.0454526,1778010034.3431904,2291531,216.46476882276167,psi,OK,,,,simulated
injector_pressure,pressure,643941.0456299,1778010034.3433657,2890805,305.7635642008262,psi,OK,,,,simulated
thrust,thrust,643941.0456767,1778010034.3434129,2101,125.22937360159858,N,OK,,,,simulated
tank_temp,temperature,643941.0457264,1778010034.343462,180840,20.23130509421505,°C,OK,,,,simulated
chamber_pressure,pressure,643941.06608,1778010034.3638184,2285344,215.54283386979512,psi,OK,,,,simulated
injector_pressure,pressure,643941.066271,1778010034.3640068,2873915,303.24675777515864,psi,OK,,,,simulated
thrust,thrust,643941.0663151,1778010034.3640513,1841,109.7321641125859,N,OK,,,,simulated
tank_temp,temperature,643941.0663672,1778010034.364103,180802,20.172474528722294,°C,OK,,,,simulated
chamber_pressure,pressure,643941.0867449,1778010034.384481,2303880,218.30491343795222,psi,OK,,,,simulated
injector_pressure,pressure,643941.0868351,1778010034.3845708,2881567,304.3869947656387,psi,OK,,,,simulated
thrust,thrust,643941.086861,1778010034.3845968,1689,100.67225702670157,N,OK,,,,simulated
tank_temp,temperature,643941.0868796,1778010034.3846152,180855,20.254527685856925,°C,OK,,,,simulated
chamber_pressure,pressure,643941.1070681,1778010034.4048064,2285459,215.55997020721085,psi,OK,,,,simulated
injector_pressure,pressure,643941.1072443,1778010034.40498,2881320,304.35018889310226,psi,OK,,,,simulated
thrust,thrust,643941.1072842,1778010034.4050207,1433,85.41346614521217,N,OK,,,,simulated
tank_temp,temperature,643941.10733,1778010034.405066,180863,20.26691306806593,°C,OK,,,,simulated
chamber_pressure,pressure,643941.1278533,1778010034.425592,2312172,219.54051787144164,psi,OK,,,,simulated
injector_pressure,pressure,643941.1280614,1778010034.4257972,2907043,308.18321504392804,psi,OK,,,,simulated
thrust,thrust,643941.1280928,1778010034.4258285,1311,78.14169861575238,N,OK,,,,simulated
tank_temp,temperature,643941.1281256,1778010034.4258616,180899,20.322647288006433,°C,OK,,,,simulated
chamber_pressure,pressure,643941.1484758,1778010034.446214,2302063,218.0341593067836,psi,OK,,,,simulated
injector_pressure,pressure,643941.1486614,1778010034.4463968,2886909,305.183014891507,psi,OK,,,,simulated
thrust,thrust,643941.1486856,1778010034.4464214,1045,62.28686121545479,N,OK,,,,simulated
tank_temp,temperature,643941.1487127,1778010034.4464483,180820,20.200341638692546,°C,OK,,,,simulated
chamber_pressure,pressure,643941.16951,1778010034.4672477,2308545,219.00005269051226,psi,OK,,,,simulated
injector_pressure,pressure,643941.1698144,1778010034.4675515,2895161,306.4126588598083,psi,OK,,,,simulated
thrust,thrust,643941.1698924,1778010034.4676282,833,49.65067501672138,N,OK,,,,simulated
tank_temp,temperature,643941.1699287,1778010034.4676645,180800,20.169378183170043,°C,OK,,,,simulated
chamber_pressure,pressure,643941.1898361,1778010034.4875731,2299275,217.6187148831743,psi,OK,,,,simulated
injector_pressure,pressure,643941.190097,1778010034.4878325,2895545,306.4698793256139,psi,OK,,,,simulated
thrust,thrust,643941.190154,1778010034.4878907,759,45.23993077754085,N,OK,,,,simulated
tank_temp,temperature,643941.1902195,1778010034.487955,180803,20.17402270149842,°C,OK,,,,simulated
chamber_pressure,pressure,643941.2100128,1778010034.5077512,2296851,217.25751069277655,psi,OK,,,,simulated
injector_pressure,pressure,643941.2101911,1778010034.5079267,2887185,305.2241421013048,psi,OK,,,,simulated
thrust,thrust,643941.2102195,1778010034.5079556,495,29.5043026810049,N,OK,,,,simulated
tank_temp,temperature,643941.2102472,1778010034.5079832,180781,20.139962900423665,°C,OK,,,,simulated
chamber_pressure,pressure,643941.2304807,1778010034.528218,2325447,221.51864725573628,psi,OK,,,,simulated
injector_pressure,pressure,643941.2306467,1778010034.5283825,2875110,303.42482667265256,psi,OK,,,,simulated
thrust,thrust,643941.2306737,1778010034.5284095,257,15.318395533370222,N,OK,,,,simulated
tank_temp,temperature,643941.2306989,1778010034.5284348,180846,20.2405941308718,°C,OK,,,,simulated
chamber_pressure,pressure,643941.2507969,1778010034.5485332,2313160,219.68774136158726,psi,OK,,,,simulated
injector_pressure,pressure,643941.2509076,1778010034.5486434,2901130,307.3021092774998,psi,OK,,,,simulated
thrust,thrust,643941.2509308,1778010034.5486665,49,2.920627942160081,N,OK,,,,simulated
tank_temp,temperature,643941.2509537,1778010034.5486891,180801,20.17092635594617,°C,OK,,,,simulated
chamber_pressure,pressure,643941.2710469,1778010034.5687835,2321627,220.94942283027447,psi,OK,,,,simulated
injector_pressure,pressure,643941.2711767,1778010034.5689123,2888008,305.34677867254953,psi,OK,,,,simulated
thrust,thrust,643941.2712016,1778010034.5689375,-219,13.053418761899138,N,OK,,,,simulated
tank_temp,temperature,643941.2712258,1778010034.5689614,180924,20.36135160740956,°C,OK,,,,simulated
chamber_pressure,pressure,643941.2922444,1778010034.5899832,2312352,219.567339964788,psi,OK,,,,simulated
injector_pressure,pressure,643941.2924977,1778010034.5902333,2900053,307.14162375231075,psi,OK,,,,simulated
thrust,thrust,643941.2925306,1778010034.5902667,-429,25.570395656870915,N,OK,,,,simulated
tank_temp,temperature,643941.2925613,1778010034.590297,180738,20.073391471050286,°C,OK,,,,simulated
chamber_pressure,pressure,643941.3124966,1778010034.6102347,2337620,223.33256582409928,psi,OK,,,,simulated
injector_pressure,pressure,643941.3126855,1778010034.610421,2880360,304.2071377285883,psi,OK,,,,simulated
thrust,thrust,643941.3127182,1778010034.6104548,-591,35.22634926156343,N,OK,,,,simulated
tank_temp,temperature,643941.3127804,1778010034.610516,180791,20.155444628184917,°C,OK,,,,simulated
chamber_pressure,pressure,643941.3329842,1778010034.6307218,2315716,220.06861508710568,psi,OK,,,,simulated
injector_pressure,pressure,643941.333171,1778010034.6309066,2889767,305.60889012919546,psi,OK,,,,simulated
thrust,thrust,643941.3331998,1778010034.6309357,-887,52.86932621828555,N,OK,,,,simulated
tank_temp,temperature,643941.3332303,1778010034.630966,180803,20.17402270149842,°C,OK,,,,simulated
chamber_pressure,pressure,643941.3532345,1778010034.6509707,2302443,218.09078372607038,psi,OK,,,,simulated
injector_pressure,pressure,643941.3533391,1778010034.651075,2907487,308.24937620751575,psi,OK,,,,simulated
thrust,thrust,643941.3533802,1778010034.6511168,-1011,60.26030305150698,N,OK,,,,simulated
tank_temp,temperature,643941.3534259,1778010034.6511617,180733,20.06565060716966,°C,OK,,,,simulated
chamber_pressure,pressure,643941.3747052,1778010034.672443,2321185,220.88355968994617,psi,OK,,,,simulated
injector_pressure,pressure,643941.3749183,1778010034.6726546,2909938,308.61460371191544,psi,OK,,,,simulated
thrust,thrust,643941.3749527,1778010034.6726887,-1293,77.06881488189765,N,OK,,,,simulated
tank_temp,temperature,643941.3749874,1778010034.6727233,180995,20.471271874514446,°C,OK,,,,simulated
chamber_pressure,pressure,643941.3985964,1778010034.6963325,2318329,220.45798247551713,psi,OK,,,,simulated
injector_pressure,pressure,643941.3986935,1778010034.6964293,2883182,304.62764854760746,psi,OK,,,,simulated
thrust,thrust,643941.398714,1778010034.6964495,-1459,86.96318709411344,N,OK,,,,simulated
tank_temp,temperature,643941.3987365,1778010034.6964722,180720,20.04552436108003,°C,OK,,,,simulated
chamber_pressure,pressure,643941.4192512,1778010034.7169898,2291104,216.4011408568789,psi,OK,,,,simulated
injector_pressure,pressure,643941.4194926,1778010034.717229,2883533,304.6799516296329,psi,OK,,,,simulated
thrust,thrust,643941.4197052,1778010034.717442,-1697,101.14909424174812,N,OK,,,,simulated
tank_temp,temperature,643941.4198558,1778010034.7175927,180861,20.263816722513678,°C,OK,,,,simulated
chamber_pressure,pressure,643941.4398593,1778010034.737597,2313634,219.75837287406603,psi,OK,,,,simulated
injector_pressure,pressure,643941.4400196,1778010034.737756,2897144,306.7081489215074,psi,OK,,,,simulated
thrust,thrust,643941.4400566,1778010034.7377923,-1783,106.27509430349846,N,OK,,,,simulated
tank_temp,temperature,643941.4400865,1778010034.7378225,180848,20.24369047642405,°C,OK,,,,simulated
chamber_pressure,pressure,643941.4600284,1778010034.7577648,2324904,221.43773394080807,psi,OK,,,,simulated
injector_pressure,pressure,643941.4601211,1778010034.7578568,2905540,307.95925056448584,psi,OK,,,,simulated
thrust,thrust,643941.4601423,1778010034.757878,-1981,118.07681537590042,N,OK,,,,simulated
tank_temp,temperature,643941.4601646,1778010034.7579005,180992,20.46662735618607,°C,OK,,,,simulated
chamber_pressure,pressure,643941.4808328,1778010034.7785697,2323256,221.1921627750591,psi,OK,,,,simulated
injector_pressure,pressure,643941.4810463,1778010034.778783,2900462,307.20256950885886,psi,OK,,,,simulated
thrust,thrust,643941.481093,1778010034.7788286,-2207,131.5474667009653,N,OK,,,,simulated
tank_temp,temperature,643941.481248,1778010034.7789853,180761,20.108999444901162,°C,OK,,,,simulated
chamber_pressure,pressure,643941.504662,1778010034.8023994,2311839,219.49089699875086,psi,OK,,,,simulated
injector_pressure,pressure,643941.5049052,1778010034.8026414,2902619,307.5239875941262,psi,OK,,,,simulated
thrust,thrust,643941.5049598,1778010034.8026958,-2437,145.25653663355342,N,OK,,,,simulated
tank_temp,temperature,643941.5049941,1778010034.80273,180962,20.420182172902315,°C,OK,,,,simulated
chamber_pressure,pressure,643941.5250226,1778010034.8227599,2303008,218.17497529685204,psi,OK,,,,simulated
injector_pressure,pressure,643941.525193,1778010034.8229287,2890211,305.67505129278317,psi,OK,,,,simulated
thrust,thrust,643941.5252287,1778010034.8229656,-2547,151.8130483404434,N,OK,,,,simulated
tank_temp,temperature,643941.5252826,1778010034.8230186,180849,20.245238649200175,°C,OK,,,,simulated
chamber_pressure,pressure,643941.5459555,1778010034.843694,2320027,220.7110042227512,psi,OK,,,,simulated
injector_pressure,pressure,643941.5461886,1778010034.8439243,2906686,308.1300178921244,psi,OK,,,,simulated
thrust,thrust,643941.5462331,1778010034.8439693,-2663,158.7271879586183,N,OK,,,,simulated
tank_temp,temperature,643941.5462902,1778010034.844026,180889,20.30716556024518,°C,OK,,,,simulated
chamber_pressure,pressure,643941.5665083,1778010034.8642464,2303326,218.2223609950973,psi,OK,,,,simulated
injector_pressure,pressure,643941.5666821,1778010034.8644178,2912613,309.01320982136843,psi,OK,,,,simulated
thrust,thrust,643941.5667164,1778010034.8644526,-2821,168.14472295578753,N,OK,,,,simulated
tank_temp,temperature,643941.5667645,1778010034.8645003,180859,20.260720376961427,°C,OK,,,,simulated
chamber_pressure,pressure,643941.5867358,1778010034.884474,2327890,221.88268266709838,psi,OK,,,,simulated
injector_pressure,pressure,643941.5869241,1778010034.88466,2897560,306.77013775946347,psi,OK,,,,simulated
thrust,thrust,643941.5869506,1778010034.8846867,-2891,172.3170485874448,N,OK,,,,simulated
tank_temp,temperature,643941.5869837,1778010034.8847196,180947,20.39695958126044,°C,OK,,,,simulated
chamber_pressure,pressure,643941.6078594,1778010034.9055982,2311062,219.37511496247237,psi,OK,,,,simulated
injector_pressure,pressure,643941.6080752,1778010034.9058115,2888109,305.36182884714947,psi,OK,,,,simulated
thrust,thrust,643941.6081154,1778010034.9058511,-2973,177.20463004167186,N,OK,,,,simulated
tank_temp,temperature,643941.6081544,1778010034.9058907,180836,20.225112403110547,°C,OK,,,,simulated
chamber_pressure,pressure,643941.6284047,1778010034.926143,2304346,218.37435285739338,psi,OK,,,,simulated
injector_pressure,pressure,643941.6285816,1778010034.9263172,2895467,306.4582564184971,psi,OK,,,,simulated
thrust,thrust,643941.6286294,1778010034.9263659,-3099,184.71481617865493,N,OK,,,,simulated
tank_temp,temperature,643941.6286785,1778010034.9264145,180907,20.335032670215433,°C,OK,,,,simulated
chamber_pressure,pressure,643941.6489427,1778010034.9466798,2307364,218.82406995583415,psi,OK,,,,simulated
injector_pressure,pressure,643941.6492783,1778010034.9470139,2911336,308.8229219702389,psi,OK,,,,simulated
thrust,thrust,643941.6493029,1778010034.9470387,-3189,190.07923484792855,N,OK,,,,simulated
tank_temp,temperature,643941.6493574,1778010034.9470937,180939,20.38457419905144,°C,OK,,,,simulated
chamber_pressure,pressure,643941.669193,1778010034.9669294,2304260,218.361537857239,psi,OK,,,,simulated
injector_pressure,pressure,643941.6693008,1778010034.9670365,2886753,305.1597690772735,psi,OK,,,,simulated
thrust,thrust,643941.6693449,1778010034.9670813,-3211,191.39053718930654,N,OK,,,,simulated
tank_temp,temperature,643941.6693939,1778010034.9671297,181038,20.537843303887826,°C,OK,,,,simulated
chamber_pressure,pressure,643941.6896536,1778010034.987392,2306030,218.62528844181162,psi,OK,,,,simulated
injector_pressure,pressure,643941.6898425,1778010034.9875782,2903822,307.70324858465773,psi,OK,,,,simulated
thrust,thrust,643941.6898656,1778010034.9876015,-3299,196.63574655481852,N,OK,,,,simulated
tank_temp,temperature,643941.6898946,1778010034.9876304,180767,20.118288481557915,°C,OK,,,,simulated
chamber_pressure,pressure,643941.7105056,1778010035.0082438,2303410,218.23487797199226,psi,OK,,,,simulated
injector_pressure,pressure,643941.710688,1778010035.0084236,2895312,306.43515961589327,psi,OK,,,,simulated
thrust,thrust,643941.7107152,1778010035.0084507,-3297,196.5165372510569,N,OK,,,,simulated
tank_temp,temperature,643941.7107455,1778010035.0084813,181024,20.516168885022076,°C,OK,,,,simulated
chamber_pressure,pressure,643941.7309512,1778010035.0286891,2306086,218.63363309307493,psi,OK,,,,simulated
injector_pressure,pressure,643941.7310915,1778010035.0288272,2904489,307.802639341669,psi,OK,,,,simulated
thrust,thrust,643941.7311059,1778010035.028842,-3361,200.33123497142924,N,OK,,,,simulated
tank_temp,temperature,643941.7311252,1778010035.028861,180990,20.46353101063382,°C,OK,,,,simulated
chamber_pressure,pressure,643941.7515667,1778010035.0493045,2311291,219.40923862567413,psi,OK,,,,simulated
injector_pressure,pressure,643941.7517311,1778010035.0494668,2903865,307.70965608473495,psi,OK,,,,simulated
thrust,thrust,643941.751778,1778010035.0495145,-3305,196.99337446610343,N,OK,,,,simulated
tank_temp,temperature,643941.7518287,1778010035.0495644,180901,20.325743633558684,°C,OK,,,,simulated
chamber_pressure,pressure,643941.7716759,1778010035.0694125,2313821,219.7862380488203,psi,OK,,,,simulated
injector_pressure,pressure,643941.7717753,1778010035.069511,2906980,308.1738273112568,psi,OK,,,,simulated
thrust,thrust,643941.7717974,1778010035.069533,-3365,200.5696535789525,N,OK,,,,simulated
tank_temp,temperature,643941.7718188,1778010035.0695543,180955,20.40934496346944,°C,OK,,,,simulated
chamber_pressure,pressure,643941.7927246,1778010035.0904603,2295426,217.04516912045113,psi,OK,,,,simulated
injector_pressure,pressure,643941.7928203,1778010035.090556,2922442,310.4778451297098,psi,OK,,,,simulated
thrust,thrust,643941.7928447,1778010035.0905802,-3373,201.04649079399906,N,OK,,,,simulated
tank_temp,temperature,643941.7928709,1778010035.0906067,180909,20.338129015767684,°C,OK,,,,simulated
chamber_pressure,pressure,643941.8141531,1778010035.1118934,2295702,217.0862963302489,psi,OK,,,,simulated
injector_pressure,pressure,643941.8145212,1778010035.1122577,2912080,308.9337866227372,psi,OK,,,,simulated
thrust,thrust,643941.8145924,1778010035.1123288,-3299,196.63574655481852,N,OK,,,,simulated
tank_temp,temperature,643941.8146265,1778010035.1123624,181048,20.553325031649077,°C,OK,,,,simulated
chamber_pressure,pressure,643941.8526476,1778010035.1503856,2298359,217.48222023036723,psi,OK,,,,simulated
injector_pressure,pressure,643941.8530235,1778010035.15076,2922159,310.43567483850416,psi,OK,,,,simulated
thrust,thrust,643941.8530772,1778010035.1508129,-3225,192.225002315638,N,OK,,,,simulated
tank_temp,temperature,643941.8531037,1778010035.1508393,180962,20.420182172902315,°C,OK,,,,simulated
chamber_pressure,pressure,643941.8731855,1778010035.1709223,2301817,217.9975024458769,psi,OK,,,,simulated
injector_pressure,pressure,643941.8733469,1778010035.1710825,2907766,308.2909504522026,psi,OK,,,,simulated
thrust,thrust,643941.8733701,1778010035.171106,-3165,188.64872320278891,N,OK,,,,simulated
tank_temp,temperature,643941.8733997,1778010035.1711354,180938,20.383026026275314,°C,OK,,,,simulated
chamber_pressure,pressure,643941.8938849,1778010035.191621,2300562,217.81049285060084,psi,OK,,,,simulated
injector_pressure,pressure,643941.894005,1778010035.1917408,2904815,307.8512171329519,psi,OK,,,,simulated
thrust,thrust,643941.8940294,1778010035.191765,-3051,181.85379288837566,N,OK,,,,simulated
tank_temp,temperature,643941.8940557,1778010035.1917915,180940,20.386122371827565,°C,OK,,,,simulated
chamber_pressure,pressure,643941.9186404,1778010035.2163782,2276987,214.29754368037501,psi,OK,,,,simulated
injector_pressure,pressure,643941.9188095,1778010035.2165453,2913988,309.2181008122087,psi,OK,,,,simulated
thrust,thrust,643941.9188338,1778010035.2165694,-2901,172.91309510625297,N,OK,,,,simulated
tank_temp,temperature,643941.918862,1778010035.2165976,180946,20.395411408484314,°C,OK,,,,simulated
chamber_pressure,pressure,643941.9389121,1778010035.2366495,2312982,219.6612172915003,psi,OK,,,,simulated
injector_pressure,pressure,643941.9390884,1778010035.236824,2882053,304.4594144176739,psi,OK,,,,simulated
thrust,thrust,643941.9391328,1778010035.236869,-2891,172.3170485874448,N,OK,,,,simulated
tank_temp,temperature,643941.9391766,1778010035.236912,180950,20.401604099588816,°C,OK,,,,simulated
chamber_pressure,pressure,643941.9593568,1778010035.257094,2285043,215.4979813692548,psi,OK,,,,simulated
injector_pressure,pressure,643941.9595035,1778010035.257239,2910615,308.71548458522375,psi,OK,,,,simulated
thrust,thrust,643941.9595328,1778010035.257269,-2695,160.63453681880446,N,OK,,,,simulated
tank_temp,temperature,643941.9595841,1778010035.2573197,180908,20.33658084299156,°C,OK,,,,simulated
chamber_pressure,pressure,643941.9816577,1778010035.2793944,2310219,219.24949815863354,psi,OK,,,,simulated
injector_pressure,pressure,643941.9818948,1778010035.2796314,2913076,309.08220220592045,psi,OK,,,,simulated
thrust,thrust,643941.9819488,1778010035.2796845,-2551,152.05146694796667,N,OK,,,,simulated
tank_temp,temperature,643941.9822103,1778010035.279947,181102,20.636926361559837,°C,OK,,,,simulated
chamber_pressure,pressure,643942.0041454,1778010035.301883,2276135,214.17058577186887,psi,OK,,,,simulated
injector_pressure,pressure,643942.0045737,1778010035.3023107,2899470,307.0547499721944,psi,OK,,,,simulated
thrust,thrust,643942.0046374,1778010035.3023734,-2389,142.39551334327416,N,OK,,,,simulated
tank_temp,temperature,643942.0046676,1778010035.302403,180849,20.245238649200175,°C,OK,,,,simulated
chamber_pressure,pressure,643942.0247898,1778010035.3225284,2277963,214.44297903096432,psi,OK,,,,simulated
injector_pressure,pressure,643942.0249786,1778010035.3227143,2916965,309.66170843383173,psi,OK,,,,simulated
thrust,thrust,643942.0250185,1778010035.3227549,-2199,131.07062948591874,N,OK,,,,simulated
tank_temp,temperature,643942.0250747,1778010035.322811,180743,20.08113233493091,°C,OK,,,,simulated
chamber_pressure,pressure,643942.0451772,1778010035.3429143,2283015,215.19578578421905,psi,OK,,,,simulated
injector_pressure,pressure,643942.0453401,1778010035.3430767,2907036,308.1821719625201,psi,OK,,,,simulated
thrust,thrust,643942.0453938,1778010035.3431299,-2105,125.46779220912185,N,OK,,,,simulated
tank_temp,temperature,643942.0454206,1778010035.3431566,180971,20.43411572788744,°C,OK,,,,simulated
chamber_pressure,pressure,643942.0655183,1778010035.363255,2281118,214.91311072267428,psi,OK,,,,simulated
injector_pressure,pressure,643942.0656724,1778010035.363408,2888277,305.3868628009394,psi,OK,,,,simulated
thrust,thrust,643942.0657226,1778010035.3634589,-1865,111.16267575772554,N,OK,,,,simulated
tank_temp,temperature,643942.06577,1778010035.3635056,180972,20.435663900663567,°C,OK,,,,simulated
chamber_pressure,pressure,643942.0860956,1778010035.3838317,2273313,213.7500749528497,psi,OK,,,,simulated
injector_pressure,pressure,643942.0862092,1778010035.3839455,2911242,308.8089148770469,psi,OK,,,,simulated
thrust,thrust,643942.0862525,1778010035.3839881,-1713,102.1027686718412,N,OK,,,,simulated
tank_temp,temperature,643942.0862785,1778010035.3840141,181009,20.492946293380196,°C,OK,,,,simulated
chamber_pressure,pressure,643942.1066215,1778010035.4043593,2286136,215.66085108051914,psi,OK,,,,simulated
injector_pressure,pressure,643942.1068302,1778010035.4045665,2903886,307.71278532895866,psi,OK,,,,simulated
thrust,thrust,643942.106873,1778010035.4046087,-1511,90.06262899191597,N,OK,,,,simulated
tank_temp,temperature,643942.1069059,1778010035.4046416,180975,20.440308418991943,°C,OK,,,,simulated
chamber_pressure,pressure,643942.1270614,1778010035.4247983,2258203,211.4985092280518,psi,OK,,,,simulated
injector_pressure,pressure,643942.1271733,1778010035.4249089,2908834,308.4500948727244,psi,OK,,,,simulated
thrust,thrust,643942.1272106,1778010035.424947,-1327,79.09537304584546,N,OK,,,,simulated
tank_temp,temperature,643942.1272608,1778010035.4249966,180982,20.45114562842482,°C,OK,,,,simulated
chamber_pressure,pressure,643942.147373,1778010035.4451106,2284520,215.42004828692063,psi,OK,,,,simulated
injector_pressure,pressure,643942.1475047,1778010035.4452403,2912866,309.050909763683,psi,OK,,,,simulated
thrust,thrust,643942.1475291,1778010035.4452648,-1131,67.41286127720514,N,OK,,,,simulated
tank_temp,temperature,643942.1475553,1778010035.445291,181016,20.503783502813075,°C,OK,,,,simulated
chamber_pressure,pressure,643942.1675739,1778010035.4653108,2263176,212.23954406256007,psi,OK,,,,simulated
injector_pressure,pressure,643942.1676924,1778010035.4654279,2927304,311.20233967332115,psi,OK,,,,simulated
thrust,thrust,643942.16771,1778010035.4654453,-935,55.730349508564814,N,OK,,,,simulated
tank_temp,temperature,643942.167728,1778010035.4654639,181061,20.573451277738705,°C,OK,,,,simulated
chamber_pressure,pressure,643942.1882569,1778010035.485995,2281400,214.95513200225025,psi,OK,,,,simulated
injector_pressure,pressure,643942.18846,1778010035.4861958,2916060,309.52685290895135,psi,OK,,,,simulated
thrust,thrust,643942.1884879,1778010035.4862237,-691,41.186814449645226,N,OK,,,,simulated
tank_temp,temperature,643942.1886191,1778010035.4863563,180972,20.435663900663567,°C,OK,,,,simulated
chamber_pressure,pressure,643942.2085104,1778010035.5062485,2262074,212.07533324662842,psi,OK,,,,simulated
injector_pressure,pressure,643942.2086646,1778010035.5064003,2915027,309.37292389546917,psi,OK,,,,simulated
thrust,thrust,643942.2086895,1778010035.5064254,-423,25.212767745586007,N,OK,,,,simulated
tank_temp,temperature,643942.2087177,1778010035.5064535,180980,20.448049282872567,°C,OK,,,,simulated
chamber_pressure,pressure,643942.2288574,1778010035.526595,2249424,210.19033613089755,psi,OK,,,,simulated
injector_pressure,pressure,643942.2290709,1778010035.5268066,2919514,310.0415390779422,psi,OK,,,,simulated
thrust,thrust,643942.2291029,1778010035.5268388,-245,14.603139710800406,N,OK,,,,simulated
tank_temp,temperature,643942.2291369,1778010035.5268726,181133,20.684919717619717,°C,OK,,,,simulated
chamber_pressure,pressure,643942.2490724,1778010035.5468097,2265312,212.55783290360364,psi,OK,,,,simulated
injector_pressure,pressure,643942.249228,1778010035.5469637,2897628,306.7802705502832,psi,OK,,,,simulated
thrust,thrust,643942.2492531,1778010035.5469887,-41,2.4437907271135373,N,OK,,,,simulated
tank_temp,temperature,643942.2492786,1778010035.5470142,181045,20.548680513320704,°C,OK,,,,simulated
chamber_pressure,pressure,643942.2693002,1778010035.567037,2280472,214.81684920988675,psi,OK,,,,simulated
injector_pressure,pressure,643942.2694394,1778010035.5671751,2928614,311.3975449082308,psi,OK,,,,simulated
thrust,thrust,643942.2694905,1778010035.5672271,163,9.715558256573331,N,OK,,,,simulated
tank_temp,temperature,643942.2695374,1778010035.567273,180950,20.401604099588816,°C,OK,,,,simulated
chamber_pressure,pressure,643942.289965,1778010035.5877032,2254613,210.96355747742146,psi,OK,,,,simulated
injector_pressure,pressure,643942.2901984,1778010035.587934,2905546,307.96014463426405,psi,OK,,,,simulated
thrust,thrust,643942.2902285,1778010035.587964,345,20.563604898882204,N,OK,,,,simulated
tank_temp,temperature,643942.2902935,1778010035.5880296,181167,20.73755759200797,°C,OK,,,,simulated
chamber_pressure,pressure,643942.3104489,1778010035.608187,2253359,210.7766968937751,psi,OK,,,,simulated
injector_pressure,pressure,643942.3106116,1778010035.6083474,2921051,310.2705699527943,psi,OK,,,,simulated
thrust,thrust,643942.3106709,1778010035.6084075,597,35.583977172848336,N,OK,,,,simulated
tank_temp,temperature,643942.3107117,1778010035.6084476,181071,20.588933005499957,°C,OK,,,,simulated
chamber_pressure,pressure,643942.3318983,1778010035.6296358,2245124,209.54958612317876,psi,OK,,,,simulated
injector_pressure,pressure,643942.3320764,1778010035.6298122,2905532,307.9580584714482,psi,OK,,,,simulated
thrust,thrust,643942.3321051,1778010035.6298409,867,51.67723318066919,N,OK,,,,simulated
tank_temp,temperature,643942.3325449,1778010035.6302817,180986,20.45733831952932,°C,OK,,,,simulated
chamber_pressure,pressure,643942.3521493,1778010035.6498857,2237356,208.3920637836532,psi,OK,,,,simulated
injector_pressure,pressure,643942.3522982,1778010035.650034,2907264,308.21614661409217,psi,OK,,,,simulated
thrust,thrust,643942.3523522,1778010035.6500888,959,57.160861153704445,N,OK,,,,simulated
tank_temp,temperature,643942.3524002,1778010035.6501358,180951,20.403152272364938,°C,OK,,,,simulated
chamber_pressure,pressure,643942.3726079,1778010035.6703463,2235578,208.12712110604298,psi,OK,,,,simulated
injector_pressure,pressure,643942.3727995,1778010035.6705356,2913316,309.11796499704894,psi,OK,,,,simulated
thrust,thrust,643942.3728275,1778010035.6705632,1235,73.61174507281021,N,OK,,,,simulated
tank_temp,temperature,643942.3728557,1778010035.6705916,181050,20.55642137720133,°C,OK,,,,simulated
chamber_pressure,pressure,643942.393092,1778010035.690828,2226763,206.81358359021945,psi,OK,,,,simulated
injector_pressure,pressure,643942.3931623,1778010035.690898,2936587,312.5856146318453,psi,OK,,,,simulated
thrust,thrust,643942.3931836,1778010035.6909192,1439,85.77109405649708,N,OK,,,,simulated
tank_temp,temperature,643942.3932026,1778010035.690938,180980,20.448049282872567,°C,OK,,,,simulated
chamber_pressure,pressure,643942.4134336,1778010035.7111712,2222774,206.219176199338,psi,OK,,,,simulated
injector_pressure,pressure,643942.4139822,1778010035.7117195,2924720,310.81729362217106,psi,OK,,,,simulated
thrust,thrust,643942.4140589,1778010035.7117956,1609,95.90388487623613,N,OK,,,,simulated
tank_temp,temperature,643942.4140908,1778010035.7118268,180968,20.42947120955907,°C,OK,,,,simulated
chamber_pressure,pressure,643942.4335794,1778010035.7313168,2234565,207.9761723251548,psi,OK,,,,simulated
injector_pressure,pressure,643942.4337373,1778010035.7314732,2911787,308.89012621523455,psi,OK,,,,simulated
thrust,thrust,643942.4337941,1778010035.7315304,1807,107.7056059486381,N,OK,,,,simulated
tank_temp,temperature,643942.4338437,1778010035.7315793,180956,20.410893136245566,°C,OK,,,,simulated
chamber_pressure,pressure,643942.4537455,1778010035.7514815,2247016,209.83151612657502,psi,OK,,,,simulated
injector_pressure,pressure,643942.4538516,1778010035.7515874,2915172,309.39453058177594,psi,OK,,,,simulated
thrust,thrust,643942.4538921,1778010035.7516284,2003,119.38811771727842,N,OK,,,,simulated
tank_temp,temperature,643942.4539367,1778010035.7516723,181010,20.494494466156322,°C,OK,,,,simulated
chamber_pressure,pressure,643942.4742125,1778010035.77195,2232750,207.7057162172456,psi,OK,,,,simulated
injector_pressure,pressure,643942.4744135,1778010035.772149,2906601,308.11735190359974,psi,OK,,,,simulated
thrust,thrust,643942.4744585,1778010035.7721949,2203,131.30904809344202,N,OK,,,,simulated
tank_temp,temperature,643942.4745119,1778010035.7722476,181118,20.661697125977838,°C,OK,,,,simulated
chamber_pressure,pressure,643942.4946573,1778010035.7923934,2229004,207.14751865238173,psi,OK,,,,simulated
injector_pressure,pressure,643942.4947433,1778010035.792479,2917993,309.81489238916544,psi,OK,,,,simulated
thrust,thrust,643942.4947638,1778010035.7924995,2333,139.05765283794835,N,OK,,,,simulated
tank_temp,temperature,643942.4947883,1778010035.792524,181021,20.5115243666937,°C,OK,,,,simulated
chamber_pressure,pressure,643942.5151514,1778010035.812889,2223451,206.32005707264628,psi,OK,,,,simulated
injector_pressure,pressure,643942.5153354,1778010035.813071,2912704,309.0267698796713,psi,OK,,,,simulated
thrust,thrust,643942.5153614,1778010035.8130972,2499,148.95202505016414,N,OK,,,,simulated
tank_temp,temperature,643942.5154237,1778010035.8131597,180959,20.415537654573942,°C,OK,,,,simulated
chamber_pressure,pressure,643942.5352859,1778010035.8330238,2208995,204.16594495367346,psi,OK,,,,simulated
injector_pressure,pressure,643942.5354368,1778010035.8331726,2925862,310.9874649032908,psi,OK,,,,simulated
thrust,thrust,643942.5354745,1778010035.8332107,2595,154.67407163072266,N,OK,,,,simulated
tank_temp,temperature,643942.5355164,1778010035.833252,181099,20.63228184323146,°C,OK,,,,simulated
chamber_pressure,pressure,643942.5555764,1778010035.8533125,2216255,205.24776938531036,psi,OK,,,,simulated
injector_pressure,pressure,643942.5556922,1778010035.8534276,2905047,307.88578783104276,psi,OK,,,,simulated
thrust,thrust,643942.5557327,1778010035.8534691,2741,163.3763508053221,N,OK,,,,simulated
tank_temp,temperature,643942.555777,1778010035.8535128,181063,20.576547623290956,°C,OK,,,,simulated
chamber_pressure,pressure,643942.5759917,1778010035.8737278,2206800,203.83886442647747,psi,OK,,,,simulated
injector_pressure,pressure,643942.576074,1778010035.8738096,2915441,309.4346147101658,psi,OK,,,,simulated
thrust,thrust,643942.5761007,1778010035.8738368,2841,169.3368159934039,N,OK,,,,simulated
tank_temp,temperature,643942.5761551,1778010035.8738909,181117,20.660148953201713,°C,OK,,,,simulated
chamber_pressure,pressure,643942.5986763,1778010035.8964128,2216740,205.32004002571585,psi,OK,,,,simulated
injector_pressure,pressure,643942.5988888,1778010035.896625,2910435,308.6886624918774,psi,OK,,,,simulated
thrust,thrust,643942.5989381,1778010035.8966737,2965,176.72779282662532,N,OK,,,,simulated
tank_temp,temperature,643942.5989688,1778010035.8967044,181143,20.700401445380965,°C,OK,,,,simulated
chamber_pressure,pressure,643942.6192074,1778010035.9169455,2216282,205.25179269931232,psi,OK,,,,simulated
injector_pressure,pressure,643942.6193656,1778010035.9171014,2911755,308.8853578430841,psi,OK,,,,simulated
thrust,thrust,643942.6194154,1778010035.9171517,3035,180.90011845828258,N,OK,,,,simulated
tank_temp,temperature,643942.6194501,1778010035.9171858,181058,20.56880675941033,°C,OK,,,,simulated
chamber_pressure,pressure,643942.639488,1778010035.9372263,2213141,204.7837471704182,psi,OK,,,,simulated
injector_pressure,pressure,643942.6396608,1778010035.9373965,2926217,311.04036403183505,psi,OK,,,,simulated
thrust,thrust,643942.6397072,1778010035.9374435,3157,188.17188598774237,N,OK,,,,simulated
tank_temp,temperature,643942.6397574,1778010035.937493,181063,20.576547623290956,°C,OK,,,,simulated
chamber_pressure,pressure,643942.6598396,1778010035.9575758,2200805,202.9455397064137,psi,OK,,,,simulated
injector_pressure,pressure,643942.6599512,1778010035.957687,2920386,310.1714772190424,psi,OK,,,,simulated
thrust,thrust,643942.6599894,1778010035.9577258,3253,193.8939325683009,N,OK,,,,simulated
tank_temp,temperature,643942.6600375,1778010035.9577732,181072,20.590481178276082,°C,OK,,,,simulated
chamber_pressure,pressure,643942.6805032,1778010035.9782393,2204160,203.44547372406407,psi,OK,,,,simulated
injector_pressure,pressure,643942.6805905,1778010035.9783263,2925052,310.86676548323214,psi,OK,,,,simulated
thrust,thrust,643942.6806124,1778010035.978348,3255,194.01314187206253,N,OK,,,,simulated
tank_temp,temperature,643942.6806738,1778010035.97841,181005,20.486753602275698,°C,OK,,,,simulated
chamber_pressure,pressure,643942.7009653,1778010035.998703,2183547,200.37389700101582,psi,OK,,,,simulated
injector_pressure,pressure,643942.7011344,1778010035.9988701,2931166,311.77782258723045,psi,OK,,,,simulated
thrust,thrust,643942.701158,1778010035.9988937,3313,197.47021168114998,N,OK,,,,simulated
tank_temp,temperature,643942.7011859,1778010035.9989214,181125,20.672534335410713,°C,OK,,,,simulated
chamber_pressure,pressure,643942.721294,1778010036.0190322,2185801,200.70976921436423,psi,OK,,,,simulated
injector_pressure,pressure,643942.7214592,1778010036.0191948,2930792,311.7220922377219,psi,OK,,,,simulated
thrust,thrust,643942.7215062,1778010036.0192425,3355,199.97360706014433,N,OK,,,,simulated
tank_temp,temperature,643942.7215575,1778010036.019293,181173,20.74684662866472,°C,OK,,,,simulated
chamber_pressure,pressure,643942.741934,1778010036.039671,2181188,200.0223785665487,psi,OK,,,,simulated
injector_pressure,pressure,643942.7420889,1778010036.0398245,2905424,307.9419652154404,psi,OK,,,,simulated
thrust,thrust,643942.7421282,1778010036.0398645,3351,199.73518845262106,N,OK,,,,simulated
tank_temp,temperature,643942.7421796,1778010036.0399156,181099,20.63228184323146,°C,OK,,,,simulated
chamber_pressure,pressure,643942.7625516,1778010036.06029,2170744,198.46610110594042,psi,OK,,,,simulated
injector_pressure,pressure,643942.7627517,1778010036.0604875,2924640,310.8053726917949,psi,OK,,,,simulated
thrust,thrust,643942.7627974,1778010036.0605338,3385,201.76174661656887,N,OK,,,,simulated
tank_temp,temperature,643942.7628712,1778010036.0606077,181076,20.59667386938058,°C,OK,,,,simulated
chamber_pressure,pressure,643942.7826673,1778010036.0804038,2166131,197.7787104581249,psi,OK,,,,simulated
injector_pressure,pressure,643942.7827529,1778010036.0804884,2901496,307.3566475339708,psi,OK,,,,simulated
thrust,thrust,643942.782787,1778010036.0805233,3351,199.73518845262106,N,OK,,,,simulated
tank_temp,temperature,643942.7828358,1778010036.0805717,181077,20.598222042156706,°C,OK,,,,simulated
chamber_pressure,pressure,643942.8030483,1778010036.100789,2164100,197.47606783820004,psi,OK,,,,simulated
injector_pressure,pressure,643942.8032837,1778010036.1010194,2918562,309.89968000646587,psi,OK,,,,simulated
thrust,thrust,643942.8033381,1778010036.1010745,3277,195.32444421344053,N,OK,,,,simulated
tank_temp,temperature,643942.8033824,1778010036.101119,181047,20.55177685887295,°C,OK,,,,simulated
chamber_pressure,pressure,643942.8232756,1778010036.121014,2164999,197.61002929330218,psi,OK,,,,simulated
injector_pressure,pressure,643942.8234532,1778010036.1211889,2938492,312.8694817864277,psi,OK,,,,simulated
thrust,thrust,643942.8234929,1778010036.1212296,3243,193.29788604949272,N,OK,,,,simulated
tank_temp,temperature,643942.8235467,1778010036.1212828,181048,20.553325031649077,°C,OK,,,,simulated
chamber_pressure,pressure,643942.8438096,1778010036.1415477,2146802,194.89846466761406,psi,OK,,,,simulated
injector_pressure,pressure,643942.8440145,1778010036.1417503,2917182,309.69404395747705,psi,OK,,,,simulated
thrust,thrust,643942.8440438,1778010036.1417794,3249,193.65551396077763,N,OK,,,,simulated
tank_temp,temperature,643942.8440743,1778010036.1418102,181078,20.599770214932832,°C,OK,,,,simulated
chamber_pressure,pressure,643942.8643193,1778010036.1620562,2183304,200.33768717499822,psi,OK,,,,simulated
injector_pressure,pressure,643942.8644542,1778010036.1621902,2915361,309.42269377978965,psi,OK,,,,simulated
thrust,thrust,643942.8644805,1778010036.162216,3181,189.602397632882,N,OK,,,,simulated
tank_temp,temperature,643942.8645013,1778010036.162237,181052,20.55951772275358,°C,OK,,,,simulated
chamber_pressure,pressure,643942.8848711,1778010036.182608,2161350,197.0662858565194,psi,OK,,,,simulated
injector_pressure,pressure,643942.8849788,1778010036.1827152,2920728,310.2224391964005,psi,OK,,,,simulated
thrust,thrust,643942.8850319,1778010036.1827676,3117,185.78769991250965,N,OK,,,,simulated
tank_temp,temperature,643942.8850605,1778010036.182796,181081,20.60441473326121,°C,OK,,,,simulated
chamber_pressure,pressure,643942.9050963,1778010036.202834,2156417,196.33121148719923,psi,OK,,,,simulated
injector_pressure,pressure,643942.9052797,1778010036.2030172,2919119,309.98267948420994,psi,OK,,,,simulated
thrust,thrust,643942.905352,1778010036.2030876,2997,178.6351416868115,N,OK,,,,simulated
tank_temp,temperature,643942.9053778,1778010036.2031136,181011,20.496042638932447,°C,OK,,,,simulated
chamber_pressure,pressure,643942.9378434,1778010036.2355812,2156783,196.38574974367017,psi,OK,,,,simulated
injector_pressure,pressure,643942.9382423,1778010036.2359786,2919061,309.9740368096872,psi,OK,,,,simulated
thrust,thrust,643942.9382726,1778010036.2360084,2823,168.26393225954916,N,OK,,,,simulated
tank_temp,temperature,643942.9383042,1778010036.23604,181141,20.697305099828718,°C,OK,,,,simulated
chamber_pressure,pressure,643942.9581295,1778010036.2558658,2145655,194.72754832834576,psi,OK,,,,simulated
injector_pressure,pressure,643942.958226,1778010036.2559617,2911068,308.78298685347875,psi,OK,,,,simulated
thrust,thrust,643942.9582497,1778010036.2559855,2643,157.53509492100193,N,OK,,,,simulated
tank_temp,temperature,643942.9582726,1778010036.2560081,181124,20.670986162634588,°C,OK,,,,simulated
chamber_pressure,pressure,643942.9787576,1778010036.276494,2148789,195.19455077583203,psi,OK,,,,simulated
injector_pressure,pressure,643942.9788826,1778010036.2766182,2929464,311.52420479347757,psi,OK,,,,simulated
thrust,thrust,643942.9789066,1778010036.2766423,2609,155.50853675705412,N,OK,,,,simulated
tank_temp,temperature,643942.9789327,1778010036.2766683,181050,20.55642137720133,°C,OK,,,,simulated
chamber_pressure,pressure,643943.01625,1778010036.313986,2142688,194.2854308230198,psi,OK,,,,simulated
injector_pressure,pressure,643943.0163102,1778010036.3140457,2927285,311.19950845235684,psi,OK,,,,simulated
thrust,thrust,643943.0163202,1778010036.3140557,2257,134.5276992950062,N,OK,,,,simulated
tank_temp,temperature,643943.0163309,1778010036.3140664,180981,20.449597455648693,°C,OK,,,,simulated
chamber_pressure,pressure,643943.0365927,1778010036.3343306,2142013,194.1848479729709,psi,OK,,,,simulated
injector_pressure,pressure,643943.0368189,1778010036.3345551,2916053,309.52580982754347,psi,OK,,,,simulated
thrust,thrust,643943.036858,1778010036.3345935,2161,128.80565271444766,N,OK,,,,simulated
tank_temp,temperature,643943.0368824,1778010036.334618,181132,20.68337154484359,°C,OK,,,,simulated
chamber_pressure,pressure,643943.0569866,1778010036.354724,2108907,189.25166896005496,psi,OK,,,,simulated
injector_pressure,pressure,643943.0571706,1778010036.354906,2921201,310.2929216972496,psi,OK,,,,simulated
thrust,thrust,643943.0571881,1778010036.3549237,1917,114.26211765552807,N,OK,,,,simulated
tank_temp,temperature,643943.0572097,1778010036.3549454,181207,20.799484503052977,°C,OK,,,,simulated
chamber_pressure,pressure,643943.0772237,1778010036.37496,2138719,193.69400366473238,psi,OK,,,,simulated
injector_pressure,pressure,643943.077316,1778010036.3750515,2924496,310.7839150171178,psi,OK,,,,simulated
thrust,thrust,643943.0773527,1778010036.3750887,1757,104.7253733545972,N,OK,,,,simulated
tank_temp,temperature,643943.0773762,1778010036.3751116,181092,20.621444633798585,°C,OK,,,,simulated
chamber_pressure,pressure,643943.1027301,1778010036.4004672,2125813,191.77085957179779,psi,OK,,,,simulated
injector_pressure,pressure,643943.1044584,1778010036.402195,2928018,311.3087339769284,psi,OK,,,,simulated
thrust,thrust,643943.1045059,1778010036.4022417,1537,91.61234994081724,N,OK,,,,simulated
tank_temp,temperature,643943.104538,1778010036.4022741,181112,20.65240808932109,°C,OK,,,,simulated
chamber_pressure,pressure,643943.1228616,1778010036.4205985,2127517,192.02477538881007,psi,OK,,,,simulated
injector_pressure,pressure,643943.1230212,1778010036.420757,2921407,310.3236180929682,psi,OK,,,,simulated
thrust,thrust,643943.1230477,1778010036.4207835,1341,79.92983817217691,N,OK,,,,simulated
tank_temp,temperature,643943.1230723,1778010036.4208078,181109,20.647763570992712,°C,OK,,,,simulated
chamber_pressure,pressure,643943.1431822,1778010036.4409184,2122843,191.3282950315827,psi,OK,,,,simulated
injector_pressure,pressure,643943.143268,1778010036.4410036,2924250,310.7472581562111,psi,OK,,,,simulated
thrust,thrust,643943.1432962,1778010036.4410324,1133,67.53207058096677,N,OK,,,,simulated
tank_temp,temperature,643943.1433411,1778010036.441077,181191,20.774713738634972,°C,OK,,,,simulated
chamber_pressure,pressure,643943.1634693,1778010036.461206,2117838,190.58249182492398,psi,OK,,,,simulated
injector_pressure,pressure,643943.1635896,1778010036.4613256,2914391,309.27815249897867,psi,OK,,,,simulated
thrust,thrust,643943.1636102,1778010036.461346,985,58.71058210260571,N,OK,,,,simulated
tank_temp,temperature,643943.16363,1778010036.4613655,181093,20.62299280657471,°C,OK,,,,simulated
chamber_pressure,pressure,643943.1835759,1778010036.4813125,2126539,191.87904201496147,psi,OK,,,,simulated
injector_pressure,pressure,643943.1837037,1778010036.481439,2906056,308.0361405654121,psi,OK,,,,simulated
thrust,thrust,643943.183725,1778010036.4814608,771,45.955186600110665,N,OK,,,,simulated
tank_temp,temperature,643943.1837479,1778010036.4814835,181219,20.81806257636648,°C,OK,,,,simulated
chamber_pressure,pressure,643943.2038018,1778010036.5015388,2105609,188.7602286052976,psi,OK,,,,simulated
injector_pressure,pressure,643943.2039504,1778010036.501686,2911602,308.86255906373964,psi,OK,,,,simulated
thrust,thrust,643943.2039756,1778010036.5017114,553,32.961372490092344,N,OK,,,,simulated
tank_temp,temperature,643943.2040006,1778010036.5017362,181139,20.694208754276467,°C,OK,,,,simulated
chamber_pressure,pressure,643943.2243585,1778010036.5220962,2111572,189.6487849532109,psi,OK,,,,simulated
injector_pressure,pressure,643943.2245308,1778010036.5222664,2926601,311.09758449764064,psi,OK,,,,simulated
thrust,thrust,643943.224567,1778010036.5223036,313,18.65625603869603,N,OK,,,,simulated
tank_temp,temperature,643943.2246154,1778010036.522351,181221,20.821158921918727,°C,OK,,,,simulated
chamber_pressure,pressure,643943.2446038,1778010036.5423415,2100776,188.04005539894763,psi,OK,,,,simulated
injector_pressure,pressure,643943.2447871,1778010036.542523,2925930,310.99759769411054,psi,OK,,,,simulated
thrust,thrust,643943.2448472,1778010036.5425832,83,4.9471861061078926,N,OK,,,,simulated
tank_temp,temperature,643943.2448856,1778010036.5426211,181167,20.73755759200797,°C,OK,,,,simulated
chamber_pressure,pressure,643943.2651268,1778010036.5628645,2100762,188.0379692361318,psi,OK,,,,simulated
injector_pressure,pressure,643943.2653173,1778010036.563053,2917293,309.710584248374,psi,OK,,,,simulated
thrust,thrust,643943.2653435,1778010036.5630794,-121,7.212162877578976,N,OK,,,,simulated
tank_temp,temperature,643943.2653732,1778010036.5631092,181153,20.715883173142217,°C,OK,,,,simulated
chamber_pressure,pressure,643943.2857183,1778010036.583456,2122242,191.23873904213178,psi,OK,,,,simulated
injector_pressure,pressure,643943.2858928,1778010036.5836287,2909831,308.59865946753735,psi,OK,,,,simulated
thrust,thrust,643943.2859229,1778010036.5836587,-339,20.205976987597296,N,OK,,,,simulated
tank_temp,temperature,643943.2859513,1778010036.5836868,181075,20.59512569660446,°C,OK,,,,simulated
chamber_pressure,pressure,643943.3070561,1778010036.6047935,2113048,189.86872611865113,psi,OK,,,,simulated
injector_pressure,pressure,643943.3071837,1778010036.6049192,2918340,309.866599424672,psi,OK,,,,simulated
thrust,thrust,643943.3072048,1778010036.604941,-545,32.4845352750458,N,OK,,,,simulated
tank_temp,temperature,643943.3072307,1778010036.6049664,181130,20.68027519929134,°C,OK,,,,simulated
chamber_pressure,pressure,643943.3276647,1778010036.625423,2095594,187.26787713383163,psi,OK,,,,simulated
injector_pressure,pressure,643943.3285267,1778010036.6262639,2931676,311.8538185183785,psi,OK,,,,simulated
thrust,thrust,643943.3286623,1778010036.626399,-739,44.04783773992449,N,OK,,,,simulated
tank_temp,temperature,643943.3287062,1778010036.6264417,181160,20.726720382575095,°C,OK,,,,simulated
chamber_pressure,pressure,643943.3480658,1778010036.645802,2099077,187.78688464008385,psi,OK,,,,simulated
injector_pressure,pressure,643943.3482111,1778010036.645947,2928268,311.3459868843539,psi,OK,,,,simulated
thrust,thrust,643943.3482344,1778010036.64597,-971,57.87611697627426,N,OK,,,,simulated
tank_temp,temperature,643943.3482625,1778010036.6459982,181223,20.824255267470978,°C,OK,,,,simulated
chamber_pressure,pressure,643943.3683859,1778010036.666122,2085360,185.74289211546085,psi,OK,,,,simulated
injector_pressure,pressure,643943.3684722,1778010036.666208,2907437,308.24192562603065,psi,OK,,,,simulated
thrust,thrust,643943.368495,1778010036.6662304,-1195,71.22755899757749,N,OK,,,,simulated
tank_temp,temperature,643943.3685154,1778010036.666251,181199,20.787099120843976,°C,OK,,,,simulated
chamber_pressure,pressure,643943.3889811,1778010036.6867177,2066027,182.8620502784312,psi,OK,,,,simulated
injector_pressure,pressure,643943.3890829,1778010036.6868186,2913549,309.15268470676955,psi,OK,,,,simulated
thrust,thrust,643943.3891188,1778010036.686855,-1389,82.79086146245618,N,OK,,,,simulated
tank_temp,temperature,643943.3891599,1778010036.6868956,181141,20.697305099828718,°C,OK,,,,simulated
chamber_pressure,pressure,643943.4094433,1778010036.7071807,2088080,186.1482037482504,psi,OK,,,,simulated
injector_pressure,pressure,643943.409598,1778010036.7073336,2899033,306.9896318900146,psi,OK,,,,simulated
thrust,thrust,643943.4096471,1778010036.7073836,-1519,90.53946620696252,N,OK,,,,simulated
tank_temp,temperature,643943.4096972,1778010036.707433,181216,20.813418058038103,°C,OK,,,,simulated
chamber_pressure,pressure,643943.4303795,1778010036.728117,2077357,184.55035204295538,psi,OK,,,,simulated
injector_pressure,pressure,643943.4306914,1778010036.7284284,2901854,307.4099936974041,psi,OK,,,,simulated
thrust,thrust,643943.4308567,1778010036.7285938,-1751,104.36774544331229,N,OK,,,,simulated
tank_temp,temperature,643943.430923,1778010036.728659,181256,20.87534496908311,°C,OK,,,,simulated
chamber_pressure,pressure,643943.4510459,1778010036.7487829,2065834,182.83329103389872,psi,OK,,,,simulated
injector_pressure,pressure,643943.4511812,1778010036.748917,2914819,309.34192947649115,psi,OK,,,,simulated
thrust,thrust,643943.451235,1778010036.748971,-1929,114.97737347809789,N,OK,,,,simulated
tank_temp,temperature,643943.4512665,1778010036.7490025,181186,20.766972874754348,°C,OK,,,,simulated
chamber_pressure,pressure,643943.471236,1778010036.7689726,2052739,180.88198374295038,psi,OK,,,,simulated
injector_pressure,pressure,643943.4713358,1778010036.7690713,2912809,309.04241610079004,psi,OK,,,,simulated
thrust,thrust,643943.4713514,1778010036.7690873,-2097,124.99095499407531,N,OK,,,,simulated
tank_temp,temperature,643943.4713684,1778010036.7691042,181170,20.742202110336347,°C,OK,,,,simulated
chamber_pressure,pressure,643943.491557,1778010036.789293,2087966,186.13121642246438,psi,OK,,,,simulated
injector_pressure,pressure,643943.4916456,1778010036.789381,2921894,310.3961867566331,psi,OK,,,,simulated
thrust,thrust,643943.4916691,1778010036.7894046,-2249,134.05086207995964,N,OK,,,,simulated
tank_temp,temperature,643943.4916899,1778010036.7894254,181176,20.751491146993096,°C,OK,,,,simulated
chamber_pressure,pressure,643943.5119132,1778010036.8096502,2077205,184.52770227524067,psi,OK,,,,simulated
injector_pressure,pressure,643943.5120549,1778010036.8097916,2924554,310.7925576916405,psi,OK,,,,simulated
thrust,thrust,643943.512116,1778010036.8098524,-2417,144.06444359593706,N,OK,,,,simulated
tank_temp,temperature,643943.5121603,1778010036.809896,181257,20.876893141859235,°C,OK,,,,simulated
chamber_pressure,pressure,643943.5320901,1778010036.829828,2075070,184.2095624458268,psi,OK,,,,simulated
injector_pressure,pressure,643943.5322876,1778010036.8300674,2919803,310.08460343892614,psi,OK,,,,simulated
thrust,thrust,643943.532399,1778010036.8301356,-2525,150.5017459990654,N,OK,,,,simulated
tank_temp,temperature,643943.5324499,1778010036.8301854,181242,20.853670550217355,°C,OK,,,,simulated
chamber_pressure,pressure,643943.5525847,1778010036.8503218,2060362,182.01789939616913,psi,OK,,,,simulated
injector_pressure,pressure,643943.5527258,1778010036.8504615,2924275,310.7509834469537,psi,OK,,,,simulated
thrust,thrust,643943.5527591,1778010036.8504953,-2671,159.20402517366483,N,OK,,,,simulated
tank_temp,temperature,643943.5528177,1778010036.8505533,181151,20.71278682758997,°C,OK,,,,simulated
chamber_pressure,pressure,643943.5726736,1778010036.8704097,2066122,182.8762063832529,psi,OK,,,,simulated
injector_pressure,pressure,643943.57276,1778010036.8704958,2905072,307.8895131217853,psi,OK,,,,simulated
thrust,thrust,643943.5727863,1778010036.8705218,-2913,173.62835092882278,N,OK,,,,simulated
tank_temp,temperature,643943.5728129,1778010036.8705485,181238,20.847477859112857,°C,OK,,,,simulated
chamber_pressure,pressure,643943.5930557,1778010036.8907917,2078007,184.6472096022617,psi,OK,,,,simulated
injector_pressure,pressure,643943.5931401,1778010036.8908758,2898789,306.9532730523673,psi,OK,,,,simulated
thrust,thrust,643943.5931631,1778010036.8908987,-2933,174.82044396643914,N,OK,,,,simulated
tank_temp,temperature,643943.5931856,1778010036.890921,181186,20.766972874754348,°C,OK,,,,simulated
chamber_pressure,pressure,643943.6135358,1778010036.9112732,2056933,181.50693851792082,psi,OK,,,,simulated
injector_pressure,pressure,643943.6138101,1778010036.9115467,2914748,309.3313496507823,psi,OK,,,,simulated
thrust,thrust,643943.6138605,1778010036.9115963,-2929,174.58202535891587,N,OK,,,,simulated
tank_temp,temperature,643943.6138946,1778010036.9116302,181171,20.743750283112472,°C,OK,,,,simulated
chamber_pressure,pressure,643943.6409285,1778010036.938667,2062867,182.39117352857275,psi,OK,,,,simulated
injector_pressure,pressure,643943.6413405,1778010036.9390774,2936069,312.50842660765966,psi,OK,,,,simulated
thrust,thrust,643943.6413934,1778010036.939129,-3185,189.84081624040527,N,OK,,,,simulated
tank_temp,temperature,643943.641424,1778010036.9391599,181304,20.949657262337116,°C,OK,,,,simulated
chamber_pressure,pressure,643943.6666339,1778010036.9643703,2048625,180.26894989835617,psi,OK,,,,simulated
injector_pressure,pressure,643943.667146,1778010036.9648829,2912114,308.9388530181471,psi,OK,,,,simulated
thrust,thrust,643943.6672534,1778010036.96499,-3223,192.10579301187636,N,OK,,,,simulated
tank_temp,temperature,643943.6673204,1778010036.9650564,181281,20.914049288486236,°C,OK,,,,simulated
chamber_pressure,pressure,643943.6878323,1778010036.9855683,2059201,181.84489689408505,psi,OK,,,,simulated
injector_pressure,pressure,643943.6879239,1778010036.9856598,2896449,306.6045858388645,psi,OK,,,,simulated
thrust,thrust,643943.6879454,1778010036.9856808,-3245,193.41709535325435,N,OK,,,,simulated
tank_temp,temperature,643943.6879659,1778010036.9857013,181184,20.763876529202097,°C,OK,,,,simulated
chamber_pressure,pressure,643943.713477,1778010037.0112138,2044865,179.70866617067648,psi,OK,,,,simulated
injector_pressure,pressure,643943.7137572,1778010037.0114932,2909873,308.60491795598483,psi,OK,,,,simulated
thrust,thrust,643943.713783,1778010037.0115187,-3327,198.30467680748143,N,OK,,,,simulated
tank_temp,temperature,643943.7138007,1778010037.0115364,181240,20.850574204665104,°C,OK,,,,simulated
chamber_pressure,pressure,643943.7346839,1778010037.0324214,2049464,180.39397065567618,psi,OK,,,,simulated
injector_pressure,pressure,643943.7350087,1778010037.0327454,2921271,310.30335251132874,psi,OK,,,,simulated
thrust,thrust,643943.7350811,1778010037.0328176,-3303,196.8741651623418,N,OK,,,,simulated
tank_temp,temperature,643943.7351232,1778010037.032859,181270,20.89701938794886,°C,OK,,,,simulated
chamber_pressure,pressure,643943.755187,1778010037.0529234,2049838,180.44970100518475,psi,OK,,,,simulated
injector_pressure,pressure,643943.7553057,1778010037.0530415,2896010,306.5391697334253,psi,OK,,,,simulated
thrust,thrust,643943.7553593,1778010037.0530956,-3399,202.59621174290032,N,OK,,,,simulated
tank_temp,temperature,643943.7554034,1778010037.0531392,181199,20.787099120843976,°C,OK,,,,simulated
chamber_pressure,pressure,643943.7754591,1778010037.073195,2061151,182.13546957200404,psi,OK,,,,simulated
injector_pressure,pressure,643943.7755403,1778010037.0732758,2914003,309.2203359866543,psi,OK,,,,simulated
thrust,thrust,643943.7755779,1778010037.0733142,-3391,202.11937452785378,N,OK,,,,simulated
tank_temp,temperature,643943.7756161,1778010037.0733516,181236,20.844381513560606,°C,OK,,,,simulated
chamber_pressure,pressure,643943.803524,1778010037.1012611,2055121,181.23692944490065,psi,OK,,,,simulated
injector_pressure,pressure,643943.8036939,1778010037.101431,2899046,306.9915690412007,psi,OK,,,,simulated
thrust,thrust,643943.8037582,1778010037.1014943,-3323,198.06625819995816,N,OK,,,,simulated
tank_temp,temperature,643943.8037916,1778010037.1015272,181291,20.929531016247488,°C,OK,,,,simulated
chamber_pressure,pressure,643943.8246618,1778010037.1223998,2043747,179.5420711686696,psi,OK,,,,simulated
injector_pressure,pressure,643943.824852,1778010037.1225886,2917460,309.7354691905342,psi,OK,,,,simulated
thrust,thrust,643943.8249046,1778010037.1226404,-3301,196.75495585858016,N,OK,,,,simulated
tank_temp,temperature,643943.8249553,1778010037.1226916,181135,20.688016063171965,°C,OK,,,,simulated
chamber_pressure,pressure,643943.8448115,1778010037.1425483,2048066,180.18565239735273,psi,OK,,,,simulated
injector_pressure,pressure,643943.8449347,1778010037.1426704,2912022,308.9251439482145,psi,OK,,,,simulated
thrust,thrust,643943.8449892,1778010037.1427257,-3259,194.2515604795858,N,OK,,,,simulated
tank_temp,temperature,643943.8450229,1778010037.1427584,181275,20.904760251829487,°C,OK,,,,simulated
chamber_pressure,pressure,643943.8650677,1778010037.1628048,2048310,180.22201123500002,psi,OK,,,,simulated
injector_pressure,pressure,643943.8652277,1778010037.1629632,2906631,308.1218222524908,psi,OK,,,,simulated
thrust,thrust,643943.8652525,1778010037.1629882,-3139,187.09900225388765,N,OK,,,,simulated
tank_temp,temperature,643943.8652803,1778010037.163016,181304,20.949657262337116,°C,OK,,,,simulated
chamber_pressure,pressure,643943.8856326,1778010037.1833696,2047856,180.1543599551153,psi,OK,,,,simulated
injector_pressure,pressure,643943.8857577,1778010037.1834939,2923144,310.58245129376064,psi,OK,,,,simulated
thrust,thrust,643943.8858019,1778010037.183538,-3069,182.9266766222304,N,OK,,,,simulated
tank_temp,temperature,643943.8858303,1778010037.1835659,181292,20.931079189023613,°C,OK,,,,simulated
chamber_pressure,pressure,643943.906147,1778010037.2038844,2038768,178.8001422643831,psi,OK,,,,simulated
injector_pressure,pressure,643943.9062726,1778010037.204008,2898326,306.88428066781523,psi,OK,,,,simulated
thrust,thrust,643943.9062928,1778010037.2040284,-2985,177.91988586424168,N,OK,,,,simulated
tank_temp,temperature,643943.9063133,1778010037.2040489,181176,20.751491146993096,°C,OK,,,,simulated
chamber_pressure,pressure,643943.9268883,1778010037.2246268,2055313,181.26553967780345,psi,OK,,,,simulated
injector_pressure,pressure,643943.9270648,1778010037.2248006,2894951,306.38136641757086,psi,OK,,,,simulated
thrust,thrust,643943.9271118,1778010037.2248483,-2893,172.43625789120642,N,OK,,,,simulated
tank_temp,temperature,643943.9271552,1778010037.224891,181286,20.921790152366864,°C,OK,,,,simulated
chamber_pressure,pressure,643943.9476802,1778010037.2454178,2049488,180.39754693478903,psi,OK,,,,simulated
injector_pressure,pressure,643943.9478294,1778010037.2455652,2919937,310.1045709973062,psi,OK,,,,simulated
thrust,thrust,643943.9478678,1778010037.245604,-2753,164.0916066278919,N,OK,,,,simulated
tank_temp,temperature,643943.9479239,1778010037.2456603,181213,20.808773539709726,°C,OK,,,,simulated
chamber_pressure,pressure,643943.9683563,1778010037.2660928,2048509,180.25166454931073,psi,OK,,,,simulated
injector_pressure,pressure,643943.9684648,1778010037.2662005,2891847,305.9188343189757,psi,OK,,,,simulated
thrust,thrust,643943.9685266,1778010037.2662628,-2635,157.05825770595538,N,OK,,,,simulated
tank_temp,temperature,643943.9685592,1778010037.2662947,181309,20.95739812621774,°C,OK,,,,simulated
chamber_pressure,pressure,643943.9885881,1778010037.2863245,2071706,183.70828732350913,psi,OK,,,,simulated
injector_pressure,pressure,643943.9886748,1778010037.2864106,2922211,310.44342344324866,psi,OK,,,,simulated
thrust,thrust,643943.9887124,1778010037.286449,-2519,150.1441180877805,N,OK,,,,simulated
tank_temp,temperature,643943.9887598,1778010037.2864954,181314,20.965138990098367,°C,OK,,,,simulated
chamber_pressure,pressure,643944.0090089,1778010037.3067467,2041853,179.25984314201392,psi,OK,,,,simulated
injector_pressure,pressure,643944.0091223,1778010037.306858,2899066,306.99454927379475,psi,OK,,,,simulated
thrust,thrust,643944.0091795,1778010037.306916,-2327,138.70002492666345,N,OK,,,,simulated
tank_temp,temperature,643944.0092218,1778010037.3069577,181292,20.931079189023613,°C,OK,,,,simulated
chamber_pressure,pressure,643944.0296287,1778010037.3274567,2053524,180.9989578722665,psi,OK,,,,simulated
injector_pressure,pressure,643944.0304787,1778010037.3282166,2888392,305.4039991383551,psi,OK,,,,simulated
thrust,thrust,643944.0306045,1778010037.328342,-2165,129.04407132197093,N,OK,,,,simulated
tank_temp,temperature,643944.0306676,1778010037.3284035,181231,20.83664064967998,°C,OK,,,,simulated
chamber_pressure,pressure,643944.0502073,1778010037.347944,2031579,177.7288976584551,psi,OK,,,,simulated
injector_pressure,pressure,643944.0503455,1778010037.348081,2898202,306.8658032257322,psi,OK,,,,simulated
thrust,thrust,643944.0503834,1778010037.3481195,-2013,119.9841642360866,N,OK,,,,simulated
tank_temp,temperature,643944.050433,1778010037.3481688,181245,20.858315068545732,°C,OK,,,,simulated
chamber_pressure,pressure,643944.0703992,1778010037.3681352,2066139,182.87873958095784,psi,OK,,,,simulated
injector_pressure,pressure,643944.0704679,1778010037.3682034,2898915,306.97204851770977,psi,OK,,,,simulated
thrust,thrust,643944.0705033,1778010037.3682394,-1819,108.42086177120791,N,OK,,,,simulated
tank_temp,temperature,643944.0705394,1778010037.3682754,181342,21.00848782782987,°C,OK,,,,simulated
chamber_pressure,pressure,643944.0906722,1778010037.3884084,2038233,178.72042104249252,psi,OK,,,,simulated
injector_pressure,pressure,643944.0907638,1778010037.3884995,2898993,306.9836714248265,psi,OK,,,,simulated
thrust,thrust,643944.0908079,1778010037.388544,-1697,101.14909424174812,N,OK,,,,simulated
tank_temp,temperature,643944.0908522,1778010037.3885877,181231,20.83664064967998,°C,OK,,,,simulated
chamber_pressure,pressure,643944.1111867,1778010037.4089243,2037558,178.61983819244364,psi,OK,,,,simulated
injector_pressure,pressure,643944.111374,1778010037.4091096,2894386,306.2971748467892,psi,OK,,,,simulated
thrust,thrust,643944.1114017,1778010037.4091372,-1473,87.79765222044489,N,OK,,,,simulated
tank_temp,temperature,643944.1114309,1778010037.4091666,181324,20.98062071785962,°C,OK,,,,simulated
chamber_pressure,pressure,643944.1318952,1778010037.4296331,2046374,179.93352471989687,psi,OK,,,,simulated
injector_pressure,pressure,643944.1320733,1778010037.4298093,2906542,308.1085602174473,psi,OK,,,,simulated
thrust,thrust,643944.1321268,1778010037.4298627,-1285,76.59197766685111,N,OK,,,,simulated
tank_temp,temperature,643944.1321543,1778010037.4298902,181328,20.986813408964117,°C,OK,,,,simulated
chamber_pressure,pressure,643944.1521017,1778010037.4498384,2039350,178.8868670328697,psi,OK,,,,simulated
injector_pressure,pressure,643944.1522304,1778010037.4499662,2871655,302.909991492032,psi,OK,,,,simulated
thrust,thrust,643944.1522714,1778010037.4500082,-1025,61.09476817783843,N,OK,,,,simulated
tank_temp,temperature,643944.1523187,1778010037.4500546,181280,20.91250111571011,°C,OK,,,,simulated
chamber_pressure,pressure,643944.1723814,1778010037.4701178,2037222,178.56977028486375,psi,OK,,,,simulated
injector_pressure,pressure,643944.1724818,1778010037.4702175,2888764,305.4594314646043,psi,OK,,,,simulated
thrust,thrust,643944.1725054,1778010037.470241,-847,50.48514014305283,N,OK,,,,simulated
tank_temp,temperature,643944.172528,1778010037.4702635,181456,21.184979524308137,°C,OK,,,,simulated
chamber_pressure,pressure,643944.1930186,1778010037.4907546,2058012,181.66772206636932,psi,OK,,,,simulated
injector_pressure,pressure,643944.1930762,1778010037.4908118,2891029,305.79694280587944,psi,OK,,,,simulated
thrust,thrust,643944.1930961,1778010037.4908319,-583,34.749512046516884,N,OK,,,,simulated
tank_temp,temperature,643944.1931166,1778010037.490852,181309,20.95739812621774,°C,OK,,,,simulated
chamber_pressure,pressure,643944.2133869,1778010037.511124,2057957,181.6595264267357,psi,OK,,,,simulated
injector_pressure,pressure,643944.2135368,1778010037.5112724,2911305,308.81830260971816,psi,OK,,,,simulated
thrust,thrust,643944.2135981,1778010037.5113344,-387,23.06700027787656,N,OK,,,,simulated
tank_temp,temperature,643944.2136385,1778010037.511374,181446,21.169497796546885,°C,OK,,,,simulated
chamber_pressure,pressure,643944.2337658,1778010037.5315037,2052371,180.82714746322003,psi,OK,,,,simulated
injector_pressure,pressure,643944.233935,1778010037.5316706,2872243,302.9976103302968,psi,OK,,,,simulated
thrust,thrust,643944.2339583,1778010037.531694,-239,14.245511799515498,N,OK,,,,simulated
tank_temp,temperature,643944.2339843,1778010037.5317202,181180,20.7576838380976,°C,OK,,,,simulated
chamber_pressure,pressure,643944.2541987,1778010037.5519354,2049559,180.40812676049788,psi,OK,,,,simulated
injector_pressure,pressure,643944.254327,1778010037.5520627,2888190,305.3738987891553,psi,OK,,,,simulated
thrust,thrust,643944.2543693,1778010037.5521054,-49,2.920627942160081,N,OK,,,,simulated
tank_temp,temperature,643944.2544205,1778010037.5521562,181168,20.739105764784096,°C,OK,,,,simulated
chamber_pressure,pressure,643944.2743949,1778010037.5721326,2060839,182.088977943537,psi,OK,,,,simulated
injector_pressure,pressure,643944.2745604,1778010037.572296,2879410,304.06557668037135,psi,OK,,,,simulated
thrust,thrust,643944.2745834,1778010037.572319,217,12.934209458137502,N,OK,,,,simulated
tank_temp,temperature,643944.2746121,1778010037.5723479,181379,21.0657702205465,°C,OK,,,,simulated
chamber_pressure,pressure,643944.2950553,1778010037.592791,2049230,180.3591019343259,psi,OK,,,,simulated
injector_pressure,pressure,643944.2951909,1778010037.5929267,2883512,304.67682238540914,psi,OK,,,,simulated
thrust,thrust,643944.2952067,1778010037.5929422,409,24.378302619254555,N,OK,,,,simulated
tank_temp,temperature,643944.2952248,1778010037.5929604,181360,21.036354937800123,°C,OK,,,,simulated
chamber_pressure,pressure,643944.3154401,1778010037.613178,2049415,180.38666908582078,psi,OK,,,,simulated
injector_pressure,pressure,643944.3156378,1778010037.6133735,2895938,306.52844089608675,psi,OK,,,,simulated
thrust,thrust,643944.3156612,1778010037.6133966,625,37.25290742551124,N,OK,,,,simulated
tank_temp,temperature,643944.3156923,1778010037.613428,181301,20.94501274400874,°C,OK,,,,simulated
chamber_pressure,pressure,643944.3357748,1778010037.633513,2067470,183.07707406009126,psi,OK,,,,simulated
injector_pressure,pressure,643944.3359483,1778010037.633684,2892913,306.0776807162381,psi,OK,,,,simulated
thrust,thrust,643944.3359734,1778010037.633709,805,47.981744764058476,N,OK,,,,simulated
tank_temp,temperature,643944.336003,1778010037.6337388,181321,20.975976199531242,°C,OK,,,,simulated
chamber_pressure,pressure,643944.3590887,1778010037.656827,2050660,180.57218856479983,psi,OK,,,,simulated
injector_pressure,pressure,643944.3593027,1778010037.6570385,2902444,307.4979105589283,psi,OK,,,,simulated
thrust,thrust,643944.359328,1778010037.6570637,1095,65.26709380949569,N,OK,,,,simulated
tank_temp,temperature,643944.3593582,1778010037.6570942,181205,20.796388157500726,°C,OK,,,,simulated
chamber_pressure,pressure,643944.3817258,1778010037.6794624,2052779,180.88794420813846,psi,OK,,,,simulated
injector_pressure,pressure,643944.3818368,1778010037.6795726,2881105,304.31815139271635,psi,OK,,,,simulated
thrust,thrust,643944.3818503,1778010037.6795857,1303,77.66486140070583,N,OK,,,,simulated
tank_temp,temperature,643944.3818658,1778010037.6796014,181290,20.927982843471362,°C,OK,,,,simulated
chamber_pressure,pressure,643944.4021855,1778010037.6999216,2068392,183.21446278267655,psi,OK,,,,simulated
injector_pressure,pressure,643944.4022613,1778010037.6999967,2889107,305.5105424535921,psi,OK,,,,simulated
thrust,thrust,643944.4022728,1778010037.7000082,1507,89.8242103843927,N,OK,,,,simulated
tank_temp,temperature,643944.4022857,1778010037.7000213,181267,20.892374869620486,°C,OK,,,,simulated
chamber_pressure,pressure,643944.4224598,1778010037.720197,2061711,182.2189160846372,psi,OK,,,,simulated
injector_pressure,pressure,643944.4226089,1778010037.7203445,2897474,306.7573227593091,psi,OK,,,,simulated
thrust,thrust,643944.4226349,1778010037.7203705,1693,100.91067563422484,N,OK,,,,simulated
tank_temp,temperature,643944.4226609,1778010037.7203968,181322,20.977524372307368,°C,OK,,,,simulated
chamber_pressure,pressure,643944.4428581,1778010037.7405953,2056592,181.45612555219242,psi,OK,,,,simulated
injector_pressure,pressure,643944.4429758,1778010037.7407115,2894010,306.2411464740212,psi,OK,,,,simulated
thrust,thrust,643944.4429933,1778010037.7407289,1835,109.374536201301,N,OK,,,,simulated
tank_temp,temperature,643944.4430122,1778010037.7407477,181397,21.093637330516753,°C,OK,,,,simulated
chamber_pressure,pressure,643944.4630568,1778010037.7607946,2066777,182.97380900070775,psi,OK,,,,simulated
injector_pressure,pressure,643944.4632342,1778010037.7609699,2880786,304.27061668284136,psi,OK,,,,simulated
thrust,thrust,643944.4632916,1778010037.761028,1963,117.0039316420457,N,OK,,,,simulated
tank_temp,temperature,643944.463335,1778010037.7610705,181346,21.01468051893437,°C,OK,,,,simulated
chamber_pressure,pressure,643944.4837008,1778010037.7814367,2067688,183.1095585953663,psi,OK,,,,simulated
injector_pressure,pressure,643944.4837744,1778010037.7815099,2894760,306.35290519629774,psi,OK,,,,simulated
thrust,thrust,643944.4838758,1778010037.7816129,2197,130.9514201821571,N,OK,,,,simulated
tank_temp,temperature,643944.483922,1778010037.781658,181369,21.05028849278525,°C,OK,,,,simulated
chamber_pressure,pressure,643944.5042159,1778010037.801954,2064992,182.7078232416896,psi,OK,,,,simulated
injector_pressure,pressure,643944.5044752,1778010037.8022115,2873330,303.1595859717829,psi,OK,,,,simulated
thrust,thrust,643944.5046277,1778010037.8023648,2345,139.77290866051817,N,OK,,,,simulated
tank_temp,temperature,643944.5046972,1778010037.802433,181303,20.94810908956099,°C,OK,,,,simulated
chamber_pressure,pressure,643944.5245947,1778010037.8223321,2077012,184.49894303070818,psi,OK,,,,simulated
injector_pressure,pressure,643944.5247509,1778010037.8224866,2900019,307.1365573569009,psi,OK,,,,simulated
thrust,thrust,643944.5247923,1778010037.822529,2495,148.71360644264087,N,OK,,,,simulated
tank_temp,temperature,643944.5248431,1778010037.8225787,181323,20.979072545083493,°C,OK,,,,simulated
chamber_pressure,pressure,643944.5448014,1778010037.84254,2083246,185.42788153027072,psi,OK,,,,simulated
injector_pressure,pressure,643944.5449996,1778010037.8427353,2882652,304.5486723838654,psi,OK,,,,simulated
thrust,thrust,643944.5450481,1778010037.8427844,2681,159.800071692473,N,OK,,,,simulated
tank_temp,temperature,643944.5450992,1778010037.8428347,181361,21.03790311057625,°C,OK,,,,simulated
chamber_pressure,pressure,643944.5651034,1778010037.8628404,2088982,186.2826122382417,psi,OK,,,,simulated
injector_pressure,pressure,643944.5652262,1778010037.8629618,2879192,304.0330921450963,psi,OK,,,,simulated
thrust,thrust,643944.5652387,1778010037.8629746,2771,165.16449036174663,N,OK,,,,simulated
tank_temp,temperature,643944.5652597,1778010037.8629956,181338,21.00229513672537,°C,OK,,,,simulated
chamber_pressure,pressure,643944.5856479,1778010037.8833838,2068063,183.16543795650458,psi,OK,,,,simulated
injector_pressure,pressure,643944.5857296,1778010037.8834653,2882266,304.4911538948004,psi,OK,,,,simulated
thrust,thrust,643944.5857499,1778010037.8834856,2941,175.2972811814857,N,OK,,,,simulated
tank_temp,temperature,643944.5857681,1778010037.8835037,181441,21.16175693266626,°C,OK,,,,simulated
chamber_pressure,pressure,643944.6062558,1778010037.9039936,2084328,185.58911211360834,psi,OK,,,,simulated
injector_pressure,pressure,643944.6064154,1778010037.904151,2887287,305.2393412875344,psi,OK,,,,simulated
thrust,thrust,643944.6064373,1778010037.904173,3001,178.87356029433477,N,OK,,,,simulated
tank_temp,temperature,643944.6064581,1778010037.9041936,181306,20.952753607889367,°C,OK,,,,simulated
chamber_pressure,pressure,643944.626468,1778010037.924206,2086382,185.89518200101634,psi,OK,,,,simulated
injector_pressure,pressure,643944.6266477,1778010037.9243832,2895486,306.4610876394614,psi,OK,,,,simulated
thrust,thrust,643944.6266769,1778010037.9244125,3107,185.19165339370147,N,OK,,,,simulated
tank_temp,temperature,643944.6267058,1778010037.9244416,181487,21.232972880368017,°C,OK,,,,simulated
chamber_pressure,pressure,643944.6468191,1778010037.9445558,2067232,183.04160929222218,psi,OK,,,,simulated
injector_pressure,pressure,643944.6469528,1778010037.9446883,2875734,303.51780992958663,psi,OK,,,,simulated
thrust,thrust,643944.6469765,1778010037.9447122,3179,189.48318832912037,N,OK,,,,simulated
tank_temp,temperature,643944.6470021,1778010037.9447377,181305,20.95120543511324,°C,OK,,,,simulated
chamber_pressure,pressure,643944.6672063,1778010037.9649444,2081918,185.2299940860264,psi,OK,,,,simulated
injector_pressure,pressure,643944.6674111,1778010037.9651468,2872661,303.0598971915123,psi,OK,,,,simulated
thrust,thrust,643944.6674593,1778010037.9651961,3255,194.01314187206253,N,OK,,,,simulated
tank_temp,temperature,643944.6675142,1778010037.9652498,181439,21.15866058711401,°C,OK,,,,simulated
chamber_pressure,pressure,643944.6876639,1778010037.9854016,2093496,186.95525073471674,psi,OK,,,,simulated
injector_pressure,pressure,643944.6878426,1778010037.985578,2881460,304.37105052126054,psi,OK,,,,simulated
thrust,thrust,643944.6878836,1778010037.98562,3237,192.9402581382078,N,OK,,,,simulated
tank_temp,temperature,643944.6879268,1778010037.9856627,181324,20.98062071785962,°C,OK,,,,simulated
chamber_pressure,pressure,643944.7081107,1778010038.0058484,2077912,184.63305349744002,psi,OK,,,,simulated
injector_pressure,pressure,643944.7088247,1778010038.0065613,2865951,302.0600291562115,psi,OK,,,,simulated
thrust,thrust,643944.7088923,1778010038.0066288,3357,200.09281636390597,N,OK,,,,simulated
tank_temp,temperature,643944.7090098,1778010038.0067468,181483,21.226780189263515,°C,OK,,,,simulated
chamber_pressure,pressure,643944.7555001,1778010038.0532382,2105942,188.8098494779884,psi,OK,,,,simulated
injector_pressure,pressure,643944.7556737,1778010038.0534093,2855780,300.54443187051197,psi,OK,,,,simulated
thrust,thrust,643944.7556951,1778010038.0534306,3359,200.2120256676676,N,OK,,,,simulated
tank_temp,temperature,643944.755718,1778010038.053454,181392,21.08589646663613,°C,OK,,,,simulated
chamber_pressure,pressure,643944.7759014,1778010038.073638,2117992,190.6054396158981,psi,OK,,,,simulated
injector_pressure,pressure,643944.7760887,1778010038.0738254,2880449,304.2203997636318,psi,OK,,,,simulated
thrust,thrust,643944.7761369,1778010038.0738723,3315,197.5894209849116,N,OK,,,,simulated
tank_temp,temperature,643944.7761606,1778010038.0738962,181411,21.115311749382506,°C,OK,,,,simulated
chamber_pressure,pressure,643944.8006069,1778010038.0983431,2095416,187.24135306374467,psi,OK,,,,simulated
injector_pressure,pressure,643944.8018828,1778010038.0996194,2867174,302.24227037933707,psi,OK,,,,simulated
thrust,thrust,643944.8019082,1778010038.099644,3341,199.13914193381288,N,OK,,,,simulated
tank_temp,temperature,643944.8019309,1778010038.0996666,181437,21.15556424156176,°C,OK,,,,simulated
chamber_pressure,pressure,643944.8288434,1778010038.1265802,2127248,191.98469126042022,psi,OK,,,,simulated
injector_pressure,pressure,643944.8289677,1778010038.1267033,2881237,304.337820927837,psi,OK,,,,simulated
thrust,thrust,643944.8289936,1778010038.1267292,3277,195.32444421344053,N,OK,,,,simulated
tank_temp,temperature,643944.8290208,1778010038.1267567,181352,21.023969555591123,°C,OK,,,,simulated
